State Name,District Name,Block Name,Panchayat Name,Total Registered HH,Total Registered Persons,SC HH,SC Persons,ST HH,ST Persons,Male Persons,Female Persons
PUNJAB,PATIALA,BHUNER HERI,ABDUL PUR,33,76,21,50,0,0,34,42
PUNJAB,PATIALA,BHUNER HERI,ADBAPUR MURADMAZRA,125,245,1,1,0,0,121,124
PUNJAB,PATIALA,BHUNER HERI,AHRU KALAN,184,249,31,44,0,0,123,126
PUNJAB,PATIALA,BHUNER HERI,AHRU KHURD,80,123,30,46,0,0,63,60
PUNJAB,PATIALA,BHUNER HERI,AKALGARH,130,182,24,36,0,0,72,110
PUNJAB,PATIALA,BHUNER HERI,AKBARPUR AFGANA,22,35,3,4,0,0,12,23
PUNJAB,PATIALA,BHUNER HERI,ALIPUR SIKHAN,127,191,19,29,0,0,94,97
PUNJAB,PATIALA,BHUNER HERI,ALIPUR WAZIRPUR SAHIB,55,91,2,4,0,0,55,36
PUNJAB,PATIALA,BHUNER HERI,ALIWAL,41,70,23,38,0,0,36,34
PUNJAB,PATIALA,BHUNER HERI,ARNAULI,71,183,18,63,0,0,94,89
PUNJAB,PATIALA,BHUNER HERI,ASAMPUR,111,197,55,115,0,0,95,102
PUNJAB,PATIALA,BHUNER HERI,AUJAN,33,47,3,4,0,0,30,17
PUNJAB,PATIALA,BHUNER HERI,BADLA,54,107,17,34,0,0,61,46
PUNJAB,PATIALA,BHUNER HERI,BADLI,144,235,15,41,1,1,129,106
PUNJAB,PATIALA,BHUNER HERI,BAHADARPUR MIRANWALA,90,118,5,7,0,0,75,43
PUNJAB,PATIALA,BHUNER HERI,BANGRAN,103,164,46,86,0,0,73,91
PUNJAB,PATIALA,BHUNER HERI,BARAKATPUR,294,397,8,14,0,0,154,243
PUNJAB,PATIALA,BHUNER HERI,Bazigar Basti,26,27,7,8,0,0,4,23
PUNJAB,PATIALA,BHUNER HERI,BEHAL,135,194,55,81,0,0,92,102
PUNJAB,PATIALA,BHUNER HERI,BEHRU,192,368,74,146,0,0,174,194
PUNJAB,PATIALA,BHUNER HERI,BHADUGARH,9,9,0,0,0,0,9,0
PUNJAB,PATIALA,BHUNER HERI,BHAGWANPUR JATTAN,27,47,11,21,0,0,23,24
PUNJAB,PATIALA,BHUNER HERI,BHANKHAR,200,288,86,135,0,0,107,181
PUNJAB,PATIALA,BHUNER HERI,BHASMRA,123,188,24,37,0,0,82,106
PUNJAB,PATIALA,BHUNER HERI,BHATTIAN,178,300,45,75,0,0,137,163
PUNJAB,PATIALA,BHUNER HERI,BHUDMORE,261,443,14,28,0,0,197,246
PUNJAB,PATIALA,BHUNER HERI,BHUNERHERI,256,348,96,136,0,0,155,193
PUNJAB,PATIALA,BHUNER HERI,BINJAL,226,321,12,22,0,0,176,145
PUNJAB,PATIALA,BHUNER HERI,Binjal Jattan,80,137,7,9,0,0,67,70
PUNJAB,PATIALA,BHUNER HERI,BISHAN NAGAR KOTLA,22,35,5,11,0,0,19,16
PUNJAB,PATIALA,BHUNER HERI,BISHANGARH JHUGGIAN,133,199,7,11,0,0,108,91
PUNJAB,PATIALA,BHUNER HERI,BIVIPUR KHURD,134,310,8,15,0,0,162,148
PUNJAB,PATIALA,BHUNER HERI,BURE MAJRA,87,164,9,18,0,0,81,83
PUNJAB,PATIALA,BHUNER HERI,CHAPPARAHAR,82,131,9,14,0,0,69,62
PUNJAB,PATIALA,BHUNER HERI,CHIRWA,121,185,2,3,0,0,73,112
PUNJAB,PATIALA,BHUNER HERI,CHIRWI,182,291,0,0,0,0,132,159
PUNJAB,PATIALA,BHUNER HERI,CHUHAT,177,280,38,58,0,0,159,121
PUNJAB,PATIALA,BHUNER HERI,DADHERIAN,71,113,19,32,0,0,40,73
PUNJAB,PATIALA,BHUNER HERI,DEVINAGAR HIRA SINGH WALA,26,42,3,5,0,0,24,18
PUNJAB,PATIALA,BHUNER HERI,DEVINAGAR SWAI SINGH WALA,131,230,13,18,0,0,118,112
PUNJAB,PATIALA,BHUNER HERI,DHAGROLI,211,314,42,62,0,0,127,187
PUNJAB,PATIALA,BHUNER HERI,DHANDIAN,64,122,38,89,0,0,70,52
PUNJAB,PATIALA,BHUNER HERI,DHARAMGARH/KATHGARH,131,218,39,69,2,2,103,115
PUNJAB,PATIALA,BHUNER HERI,DOLATPUR FAQIRAN,81,120,9,15,0,0,68,52
PUNJAB,PATIALA,BHUNER HERI,DUDHAN GUJJRAN,86,146,53,97,0,0,77,69
PUNJAB,PATIALA,BHUNER HERI,DUDHAN SADAN,127,198,47,79,0,0,96,102
PUNJAB,PATIALA,BHUNER HERI,DURAD,74,131,15,23,0,0,59,72
PUNJAB,PATIALA,BHUNER HERI,FARIDPUR,41,81,38,75,0,0,41,40
PUNJAB,PATIALA,BHUNER HERI,GAGROLA,212,342,79,124,0,0,187,155
PUNJAB,PATIALA,BHUNER HERI,GAGROLI,43,76,15,29,0,0,38,38
PUNJAB,PATIALA,BHUNER HERI,GANESHPUR (GHOGPUR),59,94,1,1,0,0,48,46
PUNJAB,PATIALA,BHUNER HERI,GHURAM,248,313,56,65,0,0,120,193
PUNJAB,PATIALA,BHUNER HERI,GUTHMRA,112,144,21,28,0,0,60,84
PUNJAB,PATIALA,BHUNER HERI,HARANA,243,325,33,48,0,0,139,186
PUNJAB,PATIALA,BHUNER HERI,HASANPUR KAMBOIAN,68,114,13,29,0,0,61,53
PUNJAB,PATIALA,BHUNER HERI,HAZIPUR,36,50,1,1,0,0,24,26
PUNJAB,PATIALA,BHUNER HERI,HIRAGARH,91,121,59,82,0,0,42,79
PUNJAB,PATIALA,BHUNER HERI,HUSENPURA,43,55,8,10,2,2,37,18
PUNJAB,PATIALA,BHUNER HERI,IBRAHIMPUR,9,16,0,0,0,0,9,7
PUNJAB,PATIALA,BHUNER HERI,ISHERHERI,221,376,102,193,0,0,202,174
PUNJAB,PATIALA,BHUNER HERI,JALALABAD,34,53,2,2,0,0,29,24
PUNJAB,PATIALA,BHUNER HERI,JALBEHRA,183,290,18,29,0,0,135,155
PUNJAB,PATIALA,BHUNER HERI,JODHPUR,45,79,21,40,0,0,41,38
PUNJAB,PATIALA,BHUNER HERI,JULAH KHERI,174,202,29,32,0,0,76,126
PUNJAB,PATIALA,BHUNER HERI,KACHWA,160,242,83,129,0,0,105,137
PUNJAB,PATIALA,BHUNER HERI,KACHWI,103,203,46,120,0,0,98,105
PUNJAB,PATIALA,BHUNER HERI,KANA HERI,122,185,31,52,0,0,69,116
PUNJAB,PATIALA,BHUNER HERI,KATAKHERI,89,128,33,46,0,0,65,63
PUNJAB,PATIALA,BHUNER HERI,Kathgarh Chhana,45,56,1,1,0,0,27,29
PUNJAB,PATIALA,BHUNER HERI,KHAKATAN KALAN (MORAN),117,159,72,85,0,0,100,59
PUNJAB,PATIALA,BHUNER HERI,KHAKATAN KHURD,18,23,0,0,0,0,19,4
PUNJAB,PATIALA,BHUNER HERI,KHALASPUR (MARUPUR),244,402,16,32,0,0,202,200
PUNJAB,PATIALA,BHUNER HERI,KHANSA,112,174,11,18,0,0,88,86
PUNJAB,PATIALA,BHUNER HERI,KHARABGARH,74,105,4,6,0,0,68,37
PUNJAB,PATIALA,BHUNER HERI,KHATOLI,134,230,39,75,0,0,144,86
PUNJAB,PATIALA,BHUNER HERI,KHERI RAJU SINGH,166,287,15,24,0,0,124,163
PUNJAB,PATIALA,BHUNER HERI,KHERI RANWA,70,107,40,63,0,0,45,62
PUNJAB,PATIALA,BHUNER HERI,KISHANPURA,188,294,40,79,0,0,115,179
PUNJAB,PATIALA,BHUNER HERI,LEHLA JAGIR,19,30,12,23,0,0,19,11
PUNJAB,PATIALA,BHUNER HERI,MACHAL BASTI,96,140,89,130,0,0,28,112
PUNJAB,PATIALA,BHUNER HERI,MAGAR SAHIB,165,257,13,17,0,0,146,111
PUNJAB,PATIALA,BHUNER HERI,MAHIMA,176,295,24,44,0,0,162,133
PUNJAB,PATIALA,BHUNER HERI,MAHIMOODPUR,72,118,1,1,0,0,69,49
PUNJAB,PATIALA,BHUNER HERI,MAHIMOODPUR RURKI,273,494,27,46,0,0,259,235
PUNJAB,PATIALA,BHUNER HERI,MAHITABGARH,129,174,47,75,0,0,121,53
PUNJAB,PATIALA,BHUNER HERI,MAHMOODPUR JATTAN,85,136,17,29,2,2,57,79
PUNJAB,PATIALA,BHUNER HERI,MAHRU,257,442,62,102,0,0,235,207
PUNJAB,PATIALA,BHUNER HERI,MAJRA KHURD/PATHAN MAJRA,12,16,0,0,0,0,12,4
PUNJAB,PATIALA,BHUNER HERI,MAJRAN KALAN MALI MAJRA,106,173,42,78,0,0,92,81
PUNJAB,PATIALA,BHUNER HERI,MAKBULPUR BHAINI,13,22,4,7,0,0,15,7
PUNJAB,PATIALA,BHUNER HERI,MALAKPUR KAMBOAN,74,130,5,8,0,0,63,67
PUNJAB,PATIALA,BHUNER HERI,MALKAN RURKI,20,23,0,0,0,0,16,7
PUNJAB,PATIALA,BHUNER HERI,MANAK DAHIR,55,110,6,10,0,0,66,44
PUNJAB,PATIALA,BHUNER HERI,MANDI,87,172,67,137,0,0,88,84
PUNJAB,PATIALA,BHUNER HERI,MANJAL KALAN,259,330,45,55,0,0,159,171
PUNJAB,PATIALA,BHUNER HERI,MANJAL KHURD,138,260,64,136,0,0,136,124
PUNJAB,PATIALA,BHUNER HERI,MASSINGAN,400,567,49,71,0,0,260,307
PUNJAB,PATIALA,BHUNER HERI,MIHON,275,431,98,160,0,0,217,214
PUNJAB,PATIALA,BHUNER HERI,MOHALGARH,60,108,24,53,0,0,59,49
PUNJAB,PATIALA,BHUNER HERI,MUKHMAILPUR,132,213,79,140,0,0,102,111
PUNJAB,PATIALA,BHUNER HERI,NAIN KALAN,235,310,101,137,1,1,124,186
PUNJAB,PATIALA,BHUNER HERI,NAIN KHURD,37,50,5,6,0,0,30,20
PUNJAB,PATIALA,BHUNER HERI,NARANGWAL,72,147,20,35,0,0,77,70
PUNJAB,PATIALA,BHUNER HERI,NARINGARH WASAWA SINGH/ ADALTIWALA,89,146,10,16,0,0,76,70
PUNJAB,PATIALA,BHUNER HERI,NARINGARH/ KOHLE MAJRA,177,327,28,47,0,0,141,186
PUNJAB,PATIALA,BHUNER HERI,NIJAMPUR,81,144,28,66,0,0,71,73
PUNJAB,PATIALA,BHUNER HERI,NIYAMATPUR,13,27,0,0,0,0,17,10
PUNJAB,PATIALA,BHUNER HERI,NOORPUR FRANSWALA,72,119,32,57,0,0,67,52
PUNJAB,PATIALA,BHUNER HERI,PALAKHAN (GOHARPUR),17,37,2,2,0,0,19,18
PUNJAB,PATIALA,BHUNER HERI,PANJETAN,188,225,75,93,0,0,64,161
PUNJAB,PATIALA,BHUNER HERI,PATTI JHUGIAN,109,151,12,19,0,0,72,79
PUNJAB,PATIALA,BHUNER HERI,PATTI KARTARPUR,39,46,2,2,0,0,22,24
PUNJAB,PATIALA,BHUNER HERI,PIPALKHERI MEHDEVPUR,139,190,1,2,0,0,105,85
PUNJAB,PATIALA,BHUNER HERI,PRAUR,121,184,53,85,0,0,112,72
PUNJAB,PATIALA,BHUNER HERI,PREM PURA,4,4,0,0,0,0,4,0
PUNJAB,PATIALA,BHUNER HERI,PUNIAN KHANA (GUNI MAJRA),185,304,72,111,0,0,121,183
PUNJAB,PATIALA,BHUNER HERI,PUR,147,254,47,93,0,0,124,130
PUNJAB,PATIALA,BHUNER HERI,RAJGARH,60,82,2,2,0,0,40,42
PUNJAB,PATIALA,BHUNER HERI,RASULPUR DUNDIMAJRA,167,220,9,12,0,0,85,135
PUNJAB,PATIALA,BHUNER HERI,RATTA KHERA,150,224,7,10,0,0,122,102
PUNJAB,PATIALA,BHUNER HERI,ROHAR JANGIR,193,436,109,272,0,0,224,212
PUNJAB,PATIALA,BHUNER HERI,ROSHANPUR (PATTI BALONGI MOURA BIR),122,214,67,118,1,1,114,100
PUNJAB,PATIALA,BHUNER HERI,SADHU NAGAR,104,124,3,5,0,0,44,80
PUNJAB,PATIALA,BHUNER HERI,SADIPUR,126,182,0,0,0,0,108,74
PUNJAB,PATIALA,BHUNER HERI,SAHNIPUR,78,120,17,23,0,0,63,57
PUNJAB,PATIALA,BHUNER HERI,Salempur Walian,112,302,6,16,0,0,161,141
PUNJAB,PATIALA,BHUNER HERI,SAMPURAN GARH,11,15,1,3,0,0,12,3
PUNJAB,PATIALA,BHUNER HERI,SARKARHA FARM (BUDHANPUR),83,116,45,58,0,0,60,56
PUNJAB,PATIALA,BHUNER HERI,SEKHUPURA JANGIR,38,72,7,20,0,0,41,31
PUNJAB,PATIALA,BHUNER HERI,SHEKHPUR,294,465,14,20,0,0,218,247
PUNJAB,PATIALA,BHUNER HERI,SHERGARH,1,1,0,0,0,0,1,0
PUNJAB,PATIALA,BHUNER HERI,SIRKAPRHA,159,237,21,31,0,0,118,119
PUNJAB,PATIALA,BHUNER HERI,SRUSTIGARH,27,45,0,0,0,0,21,24
PUNJAB,PATIALA,BHUNER HERI,SUNDER SINGH WALA,57,107,0,0,0,0,62,45
PUNJAB,PATIALA,BHUNER HERI,TAJALPUR,111,255,81,207,0,0,121,134
PUNJAB,PATIALA,BHUNER HERI,TANDA,66,107,1,3,0,0,51,56
PUNJAB,PATIALA,BHUNER HERI,TASALPUR,60,119,37,80,0,0,56,63
PUNJAB,PATIALA,BHUNER HERI,TEJAN,148,234,61,107,0,0,119,115
PUNJAB,PATIALA,BHUNER HERI,THAKARGARH,64,95,37,58,0,0,54,41
PUNJAB,PATIALA,BHUNER HERI,TIWANA,96,171,60,105,0,0,94,77
PUNJAB,PATIALA,BHUNER HERI,TOURAN,34,62,7,11,0,0,39,23
PUNJAB,PATIALA,BHUNER HERI,UDHEPUR/DIWANWALA,437,590,125,169,0,0,253,337
PUNJAB,PATIALA,BHUNER HERI,ULATPUR/JABBALPUR,84,143,19,39,0,0,73,70
PUNJAB,PATIALA,BHUNER HERI,UPPLI,119,170,32,52,0,0,97,73
PUNJAB,PATIALA,GHANAUR,AJROR,416,561,167,228,1,1,262,299
PUNJAB,PATIALA,GHANAUR,Ajror New,71,80,40,46,0,0,32,48
PUNJAB,PATIALA,GHANAUR,ALAMANDI PUR,185,245,79,106,0,0,115,130
PUNJAB,PATIALA,GHANAUR,ALANA,341,476,160,236,0,0,216,260
PUNJAB,PATIALA,GHANAUR,BAGHORA,301,535,206,361,0,0,253,282
PUNJAB,PATIALA,GHANAUR,BAHAWAL PUR,49,63,12,17,0,0,44,19
PUNJAB,PATIALA,GHANAUR,BALO PUR,24,26,13,14,0,0,10,16
PUNJAB,PATIALA,GHANAUR,BHAT MAJRA,162,206,80,112,0,0,110,96
PUNJAB,PATIALA,GHANAUR,CHAMARU,240,319,141,194,0,0,158,161
PUNJAB,PATIALA,GHANAUR,CHAPPAR,316,422,155,227,0,0,184,238
PUNJAB,PATIALA,GHANAUR,DARWA,164,231,47,69,0,0,95,136
PUNJAB,PATIALA,GHANAUR,FARIDPUR JATTAN,190,242,156,202,0,0,98,144
PUNJAB,PATIALA,GHANAUR,GADA PUR,137,168,115,143,0,0,70,98
PUNJAB,PATIALA,GHANAUR,GHANORI KHERA,388,525,23,29,0,0,247,278
PUNJAB,PATIALA,GHANAUR,GHUMANA,155,205,80,110,0,0,85,120
PUNJAB,PATIALA,GHANAUR,GHUNGRAN,60,117,54,106,0,0,58,59
PUNJAB,PATIALA,GHANAUR,HARI GARH,227,314,2,3,0,0,133,181
PUNJAB,PATIALA,GHANAUR,HARI MAJRA,316,383,38,43,0,0,173,210
PUNJAB,PATIALA,GHANAUR,HARIPUR JHUNGIAN,188,367,136,273,0,0,184,183
PUNJAB,PATIALA,GHANAUR,HARPAL PUR,342,546,114,159,0,0,279,267
PUNJAB,PATIALA,GHANAUR,HARPALA,140,229,102,171,0,0,119,110
PUNJAB,PATIALA,GHANAUR,HASANPUR,107,122,47,55,0,0,60,62
PUNJAB,PATIALA,GHANAUR,JABBO MAJRA,210,270,182,233,0,0,112,158
PUNJAB,PATIALA,GHANAUR,JAMEETGARH,206,229,109,119,0,0,49,180
PUNJAB,PATIALA,GHANAUR,JAND MANGHOLI,228,258,40,46,0,0,106,152
PUNJAB,PATIALA,GHANAUR,JHARWA,37,74,16,35,0,0,39,35
PUNJAB,PATIALA,GHANAUR,JOGI MAJRA,53,83,0,0,0,0,54,29
PUNJAB,PATIALA,GHANAUR,KABOOLPUR,168,236,27,38,0,0,130,106
PUNJAB,PATIALA,GHANAUR,KAMAL PUR,24,26,0,0,0,0,21,5
PUNJAB,PATIALA,GHANAUR,KAMI KALAN,516,632,147,176,0,0,287,345
PUNJAB,PATIALA,GHANAUR,KAMI KHURD,201,244,33,41,0,0,114,130
PUNJAB,PATIALA,GHANAUR,KAPOORI,178,230,96,123,0,0,85,145
PUNJAB,PATIALA,GHANAUR,KATLAHAR,51,113,43,94,0,0,57,56
PUNJAB,PATIALA,GHANAUR,KHALASPUR,81,106,71,95,0,0,46,60
PUNJAB,PATIALA,GHANAUR,KHERI MANDALA,92,118,68,93,0,0,55,63
PUNJAB,PATIALA,GHANAUR,KHERI PANDTA,195,307,138,219,0,0,135,172
PUNJAB,PATIALA,GHANAUR,KOLEH MAJRA,166,219,85,119,0,0,88,131
PUNJAB,PATIALA,GHANAUR,KUTHA KHERI,179,236,128,175,0,0,108,128
PUNJAB,PATIALA,GHANAUR,LACHHRU KALLAN,218,280,68,90,0,0,138,142
PUNJAB,PATIALA,GHANAUR,LACHRU KHURAD,84,139,43,76,0,0,60,79
PUNJAB,PATIALA,GHANAUR,LAJJA,11,20,9,18,0,0,10,10
PUNJAB,PATIALA,GHANAUR,LAKHO MAJRA,175,217,106,135,0,0,104,113
PUNJAB,PATIALA,GHANAUR,LOCHHMA,189,269,80,127,0,0,145,124
PUNJAB,PATIALA,GHANAUR,LOH SIMBALI,274,328,169,195,0,0,75,253
PUNJAB,PATIALA,GHANAUR,LOHA KHERI,110,155,64,89,0,0,67,88
PUNJAB,PATIALA,GHANAUR,MAGGAR,55,60,48,51,0,0,48,12
PUNJAB,PATIALA,GHANAUR,MAHRIAN,125,188,84,126,0,0,85,103
PUNJAB,PATIALA,GHANAUR,MAJRI FAKIRA,117,157,43,61,0,0,76,81
PUNJAB,PATIALA,GHANAUR,MANDOLI,457,571,215,286,0,0,248,323
PUNJAB,PATIALA,GHANAUR,MANJOLI,368,506,129,177,0,0,217,289
PUNJAB,PATIALA,GHANAUR,MARDAN PUR,254,327,85,121,0,0,112,215
PUNJAB,PATIALA,GHANAUR,MEHDOODAN,165,387,87,206,0,0,222,165
PUNJAB,PATIALA,GHANAUR,MIRJA PUR,111,183,19,29,0,0,85,98
PUNJAB,PATIALA,GHANAUR,NANHERI,128,176,55,84,0,0,75,101
PUNJAB,PATIALA,GHANAUR,NARAIN GARH,138,198,121,175,0,0,78,120
PUNJAB,PATIALA,GHANAUR,NARDU,286,360,224,285,0,0,150,210
PUNJAB,PATIALA,GHANAUR,NASEERPUR,59,71,25,31,0,0,39,32
PUNJAB,PATIALA,GHANAUR,NATHU MAJRA,89,127,67,97,0,0,67,60
PUNJAB,PATIALA,GHANAUR,PIPAL MANGOLI,137,188,39,58,0,0,81,107
PUNJAB,PATIALA,GHANAUR,RAIPUR,46,75,27,49,0,0,46,29
PUNJAB,PATIALA,GHANAUR,RAMPUR,177,300,130,229,0,0,137,163
PUNJAB,PATIALA,GHANAUR,RAO MAJRA,56,67,8,9,0,0,42,25
PUNJAB,PATIALA,GHANAUR,RASULPUR,50,74,3,5,0,0,45,29
PUNJAB,PATIALA,GHANAUR,RURKA,118,237,62,108,1,4,111,126
PUNJAB,PATIALA,GHANAUR,RURKI,93,173,51,114,0,0,92,81
PUNJAB,PATIALA,GHANAUR,SAHAL,222,262,107,139,0,0,121,141
PUNJAB,PATIALA,GHANAUR,SALEMPUR SEKHAN,240,289,44,49,0,0,101,188
PUNJAB,PATIALA,GHANAUR,SALEMPUR JATTAN,123,191,82,134,0,0,97,94
PUNJAB,PATIALA,GHANAUR,SAMASH PUR,114,120,75,80,0,0,47,73
PUNJAB,PATIALA,GHANAUR,SANDHARSHI,288,347,211,252,0,0,139,208
PUNJAB,PATIALA,GHANAUR,SANJAR PUR,118,156,46,58,0,0,53,103
PUNJAB,PATIALA,GHANAUR,SANOLIAN,228,322,41,52,0,0,166,156
PUNJAB,PATIALA,GHANAUR,SARALA KALAN,228,296,123,161,0,0,139,157
PUNJAB,PATIALA,GHANAUR,SARALA KHURD,211,306,150,223,0,0,133,173
PUNJAB,PATIALA,GHANAUR,SEEL,209,329,65,108,1,2,153,176
PUNJAB,PATIALA,GHANAUR,SEIKHPUR RAJPUTA,77,128,44,90,0,0,78,50
PUNJAB,PATIALA,GHANAUR,SEKHU PUR,131,196,79,117,0,0,86,110
PUNJAB,PATIALA,GHANAUR,SHAH PUR RAIAN,14,17,0,0,0,0,9,8
PUNJAB,PATIALA,GHANAUR,SIALU,68,133,32,69,2,2,65,68
PUNJAB,PATIALA,GHANAUR,SOGALPUR,98,116,15,16,0,0,63,53
PUNJAB,PATIALA,GHANAUR,SONE MAJRA,102,161,42,58,0,0,83,78
PUNJAB,PATIALA,GHANAUR,SONTA,159,226,83,121,0,0,87,139
PUNJAB,PATIALA,GHANAUR,UKSI,34,41,28,35,0,0,17,24
PUNJAB,PATIALA,GHANAUR,UNTSAR,178,262,99,147,0,0,132,130
PUNJAB,PATIALA,GHANAUR,ZARIKPUR,132,216,63,107,0,0,105,111
PUNJAB,PATIALA,NABHA,ABHEPUR,64,101,39,74,0,0,52,49
PUNJAB,PATIALA,NABHA,ACHAL,208,250,116,145,0,0,101,149
PUNJAB,PATIALA,NABHA,AGETA,139,201,102,156,1,1,105,96
PUNJAB,PATIALA,NABHA,AGETI,162,285,102,176,0,0,135,150
PUNJAB,PATIALA,NABHA,AGOL,256,416,204,348,0,0,194,222
PUNJAB,PATIALA,NABHA,AKALGARH,55,70,34,45,1,1,40,30
PUNJAB,PATIALA,NABHA,ALHORAN,230,277,141,177,0,0,112,165
PUNJAB,PATIALA,NABHA,ALHORAN KHURD,118,140,99,120,0,0,44,96
PUNJAB,PATIALA,NABHA,ALIPUR,170,203,92,114,0,0,78,125
PUNJAB,PATIALA,NABHA,BABARPUR,171,280,116,193,0,0,129,151
PUNJAB,PATIALA,NABHA,BARRE,33,56,28,49,0,0,26,30
PUNJAB,PATIALA,NABHA,BAURAN KALAN,256,347,206,277,0,0,120,227
PUNJAB,PATIALA,NABHA,BAURAN KHURD,212,321,177,274,0,0,135,186
PUNJAB,PATIALA,NABHA,BAZIDRI,24,59,15,41,0,0,36,23
PUNJAB,PATIALA,NABHA,BEHBALPUR,128,178,102,143,0,0,85,93
PUNJAB,PATIALA,NABHA,BENERA KALAN,198,236,114,137,0,0,94,142
PUNJAB,PATIALA,NABHA,BENERA KHURD,195,281,154,231,0,0,100,181
PUNJAB,PATIALA,NABHA,BHARI PANENCHA,123,182,94,147,0,0,83,99
PUNJAB,PATIALA,NABHA,BHILLOWAL,58,103,58,103,0,0,55,48
PUNJAB,PATIALA,NABHA,BHOJO MAJRI,150,218,108,166,0,0,94,124
PUNJAB,PATIALA,NABHA,BHORE,274,379,226,316,0,0,182,197
PUNJAB,PATIALA,NABHA,BINA HERI,143,266,108,191,0,0,142,124
PUNJAB,PATIALA,NABHA,BIRDHNO,175,269,147,228,0,0,119,150
PUNJAB,PATIALA,NABHA,BIRDWAL,200,244,112,139,0,0,82,162
PUNJAB,PATIALA,NABHA,BISHAN PURA,45,67,30,45,0,0,35,32
PUNJAB,PATIALA,NABHA,BISHANGARH,74,114,38,62,0,0,49,65
PUNJAB,PATIALA,NABHA,BUGAKHURD,124,205,117,198,0,0,104,101
PUNJAB,PATIALA,NABHA,CHASWAL,199,249,139,180,0,0,112,137
PUNJAB,PATIALA,NABHA,CHATHE,94,119,54,67,0,0,50,69
PUNJAB,PATIALA,NABHA,CHEHAL,220,278,192,244,0,0,72,206
PUNJAB,PATIALA,NABHA,CHHAJUBHATT,123,181,74,119,0,0,101,80
PUNJAB,PATIALA,NABHA,CHHANNA NATHUWALIN,63,86,52,74,0,0,30,56
PUNJAB,PATIALA,NABHA,CHOUDHRI MAJRA,186,260,142,205,0,0,110,150
PUNJAB,PATIALA,NABHA,DAKAUNDA,245,359,163,259,0,0,177,182
PUNJAB,PATIALA,NABHA,DANDRALA DHINDSA,207,368,177,316,0,0,212,156
PUNJAB,PATIALA,NABHA,DARGAPUR,147,201,98,139,0,0,87,114
PUNJAB,PATIALA,NABHA,DHANOURI(G),98,138,74,105,0,0,65,73
PUNJAB,PATIALA,NABHA,DHAROKI,135,195,73,111,0,0,92,103
PUNJAB,PATIALA,NABHA,DHINGHI,226,290,139,191,0,0,127,163
PUNJAB,PATIALA,NABHA,DITTUPUR JATTAN,232,348,195,304,0,0,166,182
PUNJAB,PATIALA,NABHA,DIWANGARH,107,166,77,128,0,0,84,82
PUNJAB,PATIALA,NABHA,DODA,75,94,28,30,0,0,46,48
PUNJAB,PATIALA,NABHA,DULLADI,450,523,332,395,0,0,163,360
PUNJAB,PATIALA,NABHA,FAIZGARH,145,243,102,186,0,0,119,124
PUNJAB,PATIALA,NABHA,FARIDPUR,148,233,121,198,0,0,94,139
PUNJAB,PATIALA,NABHA,FATHEPUR,104,166,88,141,0,0,86,80
PUNJAB,PATIALA,NABHA,GADAYA,255,479,206,391,0,0,235,244
PUNJAB,PATIALA,NABHA,GALWATTI,204,292,128,182,0,0,108,184
PUNJAB,PATIALA,NABHA,GHANIWAL,136,252,91,178,0,0,123,129
PUNJAB,PATIALA,NABHA,GHANURKI,132,192,70,115,0,0,98,94
PUNJAB,PATIALA,NABHA,GHUNDER,135,204,109,163,0,0,80,124
PUNJAB,PATIALA,NABHA,GOBINDGARH CHHANA,66,73,22,23,0,0,36,37
PUNJAB,PATIALA,NABHA,GOBINDPURA,161,202,122,159,0,0,94,108
PUNJAB,PATIALA,NABHA,GUJJER HERI,186,274,183,271,0,0,127,147
PUNJAB,PATIALA,NABHA,GUNIKE,160,244,109,172,0,0,109,135
PUNJAB,PATIALA,NABHA,GURDITPURA,191,309,168,280,0,0,160,149
PUNJAB,PATIALA,NABHA,HAKIMPURA,120,169,104,148,0,0,79,90
PUNJAB,PATIALA,NABHA,HALLA,123,187,101,159,0,0,74,113
PUNJAB,PATIALA,NABHA,HALLOTALI,132,201,97,152,0,0,115,86
PUNJAB,PATIALA,NABHA,HARIGARH,109,122,90,102,0,0,59,63
PUNJAB,PATIALA,NABHA,HASSANPUR,48,67,27,35,0,0,26,41
PUNJAB,PATIALA,NABHA,Himmatpura,94,164,72,119,0,0,82,82
PUNJAB,PATIALA,NABHA,JASSOMAJRA,129,170,70,93,0,0,87,83
PUNJAB,PATIALA,NABHA,JATIWAL,121,187,103,160,0,0,73,114
PUNJAB,PATIALA,NABHA,JHAMBALI KHAS,41,62,10,15,0,0,26,36
PUNJAB,PATIALA,NABHA,JHAMBALI SANI,63,102,50,85,0,0,52,50
PUNJAB,PATIALA,NABHA,JINDALPUR,121,196,75,133,0,0,86,110
PUNJAB,PATIALA,NABHA,kahttra colony,59,72,50,60,0,0,21,51
PUNJAB,PATIALA,NABHA,KAKRALA,385,620,282,456,1,2,289,331
PUNJAB,PATIALA,NABHA,KALAH MAJRA,156,217,84,120,0,0,93,124
PUNJAB,PATIALA,NABHA,KALIHANA,112,156,85,116,0,0,63,93
PUNJAB,PATIALA,NABHA,KALLAR MAJRI,133,171,76,102,0,0,78,93
PUNJAB,PATIALA,NABHA,KALSANA,86,132,55,91,1,1,63,69
PUNJAB,PATIALA,NABHA,KAMELI,138,314,121,283,0,0,154,160
PUNJAB,PATIALA,NABHA,KANSUHA KHURD,162,311,105,216,0,0,174,137
PUNJAB,PATIALA,NABHA,Kartar colony,24,26,10,10,0,0,7,19
PUNJAB,PATIALA,NABHA,KAUL,58,89,33,52,0,0,42,47
PUNJAB,PATIALA,NABHA,KHANURA,230,301,135,175,0,0,141,160
PUNJAB,PATIALA,NABHA,KHERI JATTAN,112,191,95,170,0,0,96,95
PUNJAB,PATIALA,NABHA,KHIZARPUR,64,114,32,63,0,0,60,54
PUNJAB,PATIALA,NABHA,KHOKH,242,334,177,251,0,0,138,196
PUNJAB,PATIALA,NABHA,KOT KALAN,140,188,124,172,0,0,59,129
PUNJAB,PATIALA,NABHA,KOT KHURD,77,166,56,124,0,0,92,74
PUNJAB,PATIALA,NABHA,KOTLI,81,118,33,56,0,0,45,73
PUNJAB,PATIALA,NABHA,KULARAN,129,215,106,188,0,0,91,124
PUNJAB,PATIALA,NABHA,LADHA HERI,126,162,105,136,0,0,51,111
PUNJAB,PATIALA,NABHA,LOHAR MAJRA,26,27,5,6,0,0,24,3
PUNJAB,PATIALA,NABHA,LOPE,127,161,95,126,1,1,75,86
PUNJAB,PATIALA,NABHA,MALEHWAL,166,220,64,82,0,0,116,104
PUNJAB,PATIALA,NABHA,MALKON,201,266,166,213,0,0,112,154
PUNJAB,PATIALA,NABHA,Mallewal Patti,133,162,35,42,0,0,83,79
PUNJAB,PATIALA,NABHA,MANGEWAL,199,253,116,147,0,0,116,137
PUNJAB,PATIALA,NABHA,MANSURPUR,298,445,246,379,0,0,186,259
PUNJAB,PATIALA,NABHA,MATORARA,264,347,174,238,0,0,158,189
PUNJAB,PATIALA,NABHA,Megh Colony,37,38,6,6,0,0,13,25
PUNJAB,PATIALA,NABHA,MEHAS,220,235,151,162,0,0,69,166
PUNJAB,PATIALA,NABHA,MOHAL GAWARA,87,171,81,161,0,0,97,74
PUNJAB,PATIALA,NABHA,MUNGO,123,161,35,50,0,0,92,69
PUNJAB,PATIALA,NABHA,NANOWAL,129,169,115,153,0,0,76,93
PUNJAB,PATIALA,NABHA,NARAINGARH TAMBUIAN,56,114,31,67,0,0,56,58
PUNJAB,PATIALA,NABHA,NARMANA,285,390,220,302,0,0,167,223
PUNJAB,PATIALA,NABHA,NOHRA,240,389,165,266,0,0,183,206
PUNJAB,PATIALA,NABHA,PAHARPUR,224,286,163,211,0,0,120,166
PUNJAB,PATIALA,NABHA,PALIA KALAN,68,93,44,63,0,0,41,52
PUNJAB,PATIALA,NABHA,PALIA KHURD,141,195,111,163,0,0,102,93
PUNJAB,PATIALA,NABHA,RAIMAL MAZRI,167,230,130,184,0,0,102,128
PUNJAB,PATIALA,NABHA,RAISAL,143,241,84,152,0,0,132,109
PUNJAB,PATIALA,NABHA,RAJGARH,134,172,106,142,0,0,97,75
PUNJAB,PATIALA,NABHA,RAJPURA,98,153,65,99,0,0,74,79
PUNJAB,PATIALA,NABHA,RAMGARH,235,346,189,283,0,0,147,199
PUNJAB,PATIALA,NABHA,RAMGARH(B),177,239,157,217,0,0,116,123
PUNJAB,PATIALA,NABHA,RAMPUR SAHEWAL,104,190,61,128,0,0,91,99
PUNJAB,PATIALA,NABHA,RANJITGARH,72,116,60,99,0,0,60,56
PUNJAB,PATIALA,NABHA,RANNO,85,127,54,88,0,0,73,54
PUNJAB,PATIALA,NABHA,SADHNAULI,212,334,139,222,0,0,175,159
PUNJAB,PATIALA,NABHA,SADHOHERI,188,285,104,157,0,0,144,141
PUNJAB,PATIALA,NABHA,SAHAULI,205,296,128,191,0,0,119,177
PUNJAB,PATIALA,NABHA,SAKOHA,109,147,92,125,0,0,64,83
PUNJAB,PATIALA,NABHA,SAKRALI,244,352,202,299,0,0,181,171
PUNJAB,PATIALA,NABHA,SALUWAL,90,124,70,100,0,0,61,63
PUNJAB,PATIALA,NABHA,SANGATPURA,126,167,86,120,0,0,63,104
PUNJAB,PATIALA,NABHA,SARIAN DAS COLONY,227,280,160,195,0,0,76,204
PUNJAB,PATIALA,NABHA,SAUJA,170,256,113,167,0,0,112,144
PUNJAB,PATIALA,NABHA,SHAHPUR,86,121,78,113,0,0,44,77
PUNJAB,PATIALA,NABHA,SHAMASHPUR,56,90,45,76,0,0,39,51
PUNJAB,PATIALA,NABHA,SHIVGARH,53,73,43,60,0,0,31,42
PUNJAB,PATIALA,NABHA,Shree Guru Teg Bahadur Nagar,79,98,37,50,0,0,30,68
PUNJAB,PATIALA,NABHA,SHRI NAGER,153,218,109,156,0,0,102,116
PUNJAB,PATIALA,NABHA,SUDHEWAL,204,354,158,283,0,0,168,186
PUNJAB,PATIALA,NABHA,SUKHEWAL,140,172,113,143,0,0,98,74
PUNJAB,PATIALA,NABHA,SURAJPUR,162,247,138,211,0,0,95,152
PUNJAB,PATIALA,NABHA,TARKHERI KALAN,147,239,116,189,0,0,120,119
PUNJAB,PATIALA,NABHA,TARKHERI KHURD,95,157,73,123,0,0,76,81
PUNJAB,PATIALA,NABHA,THUHA PATTI,205,323,96,165,0,0,153,170
PUNJAB,PATIALA,NABHA,THUHI,159,214,82,123,3,3,139,75
PUNJAB,PATIALA,NABHA,TODARWAL,166,266,136,220,0,0,120,146
PUNJAB,PATIALA,NABHA,TOUHRA,236,314,195,260,0,0,121,193
PUNJAB,PATIALA,NABHA,TUNGA,144,262,94,175,0,0,144,118
PUNJAB,PATIALA,NABHA,UDHA,68,120,64,116,0,0,55,65
PUNJAB,PATIALA,NABHA,UPLAN,75,102,21,26,0,0,50,52
PUNJAB,PATIALA,NABHA,WAZIDPUR,175,237,88,115,0,0,94,143
PUNJAB,PATIALA,PATIALA,Air Avnew Kheri,2,2,2,2,0,0,2,0
PUNJAB,PATIALA,PATIALA,ASAHIBPURA,57,100,41,78,0,0,37,63
PUNJAB,PATIALA,PATIALA,ASSE MAJRA,80,166,59,124,0,0,78,88
PUNJAB,PATIALA,PATIALA,BARSAT,202,353,137,256,0,0,172,181
PUNJAB,PATIALA,PATIALA,BHANRA,288,423,122,207,0,0,197,226
PUNJAB,PATIALA,PATIALA,BHANRI,282,485,181,324,0,0,230,255
PUNJAB,PATIALA,PATIALA,BHEDPURA,205,322,113,195,0,0,124,198
PUNJAB,PATIALA,PATIALA,BIBPUR,126,213,67,120,0,0,107,106
PUNJAB,PATIALA,PATIALA,BIR KHRI GUJARA,69,89,40,55,0,0,42,47
PUNJAB,PATIALA,PATIALA,BISHANPUR CHANNA,52,109,46,100,0,0,51,58
PUNJAB,PATIALA,PATIALA,CHUHARPUR KALAN,156,316,87,187,0,0,160,156
PUNJAB,PATIALA,PATIALA,CHUHARPUR MARASIAN,59,135,45,112,1,2,64,71
PUNJAB,PATIALA,PATIALA,DAKALA,462,649,339,494,0,0,272,377
PUNJAB,PATIALA,PATIALA,DAROLA,201,276,113,181,0,0,156,120
PUNJAB,PATIALA,PATIALA,DAROLI,102,197,61,129,0,0,99,98
PUNJAB,PATIALA,PATIALA,DHABLAN,240,345,137,200,0,0,117,228
PUNJAB,PATIALA,PATIALA,DHAKRABA,121,242,71,167,1,1,123,119
PUNJAB,PATIALA,PATIALA,DHAMO MAJRA,148,196,40,61,0,0,61,135
PUNJAB,PATIALA,PATIALA,DHARAMKOT,82,178,79,175,0,0,79,99
PUNJAB,PATIALA,PATIALA,DILAWARPUR,73,131,49,93,0,0,66,65
PUNJAB,PATIALA,PATIALA,DOGHAT,119,250,51,140,0,0,133,117
PUNJAB,PATIALA,PATIALA,DUDHAR,236,304,115,153,0,0,142,162
PUNJAB,PATIALA,PATIALA,DUDHERA,239,356,145,214,0,0,120,236
PUNJAB,PATIALA,PATIALA,FATEHPUR179,114,202,71,131,0,0,104,98
PUNJAB,PATIALA,PATIALA,GAJJU MAJRA,227,354,173,277,0,0,151,203
PUNJAB,PATIALA,PATIALA,Green Park,2,2,0,0,0,0,1,1
PUNJAB,PATIALA,PATIALA,HAJI MAJRA,58,85,54,81,0,0,44,41
PUNJAB,PATIALA,PATIALA,INDERPURA,64,118,23,48,0,0,45,73
PUNJAB,PATIALA,PATIALA,JAHLAN,302,492,202,356,0,0,248,244
PUNJAB,PATIALA,PATIALA,JALAL KHERA,84,131,81,128,0,0,57,74
PUNJAB,PATIALA,PATIALA,JHANDI,414,545,271,380,1,1,254,291
PUNJAB,PATIALA,PATIALA,KAKRALA,157,237,95,153,0,0,113,124
PUNJAB,PATIALA,PATIALA,KALAR BHAINI,202,257,92,124,0,0,108,149
PUNJAB,PATIALA,PATIALA,KALYAN,166,304,129,245,1,1,134,170
PUNJAB,PATIALA,PATIALA,Kartarpur,94,127,26,38,0,0,55,72
PUNJAB,PATIALA,PATIALA,KHERA JATTAN,268,316,69,89,1,1,158,158
PUNJAB,PATIALA,PATIALA,KHERI BARNA,213,305,129,196,0,0,145,160
PUNJAB,PATIALA,PATIALA,KHERI GOURIAN,121,175,100,143,0,0,67,108
PUNJAB,PATIALA,PATIALA,KHERI GUJRAN,80,92,60,69,0,0,36,56
PUNJAB,PATIALA,PATIALA,KHERI MALLAN,203,366,96,185,0,0,179,187
PUNJAB,PATIALA,PATIALA,KHERI MANIAN,128,221,55,100,0,0,97,124
PUNJAB,PATIALA,PATIALA,KHERI MUSALMANI,122,177,65,98,0,0,87,90
PUNJAB,PATIALA,PATIALA,KHUHTI CHANNA,85,177,40,92,0,0,95,82
PUNJAB,PATIALA,PATIALA,KHUSROPUR,121,171,81,119,0,0,91,80
PUNJAB,PATIALA,PATIALA,KUKA,98,188,70,153,0,0,91,97
PUNJAB,PATIALA,PATIALA,LALOCHI,216,408,140,278,0,0,193,215
PUNJAB,PATIALA,PATIALA,LANGROL,171,305,124,223,0,0,154,151
PUNJAB,PATIALA,PATIALA,MADO MAJRA,148,229,119,189,0,0,112,117
PUNJAB,PATIALA,PATIALA,MAIN,392,437,146,177,0,0,214,223
PUNJAB,PATIALA,PATIALA,MALO MAJRA,84,184,29,74,0,0,89,95
PUNJAB,PATIALA,PATIALA,MEHMADPUR,89,163,68,128,0,0,83,80
PUNJAB,PATIALA,PATIALA,MOND KHERA,115,218,59,128,0,0,103,115
PUNJAB,PATIALA,PATIALA,NAVI LALOCHI,77,129,64,110,0,0,61,68
PUNJAB,PATIALA,PATIALA,NAVI RAUNI,100,127,12,15,0,0,31,96
PUNJAB,PATIALA,PATIALA,NEW DAKALA,200,268,126,182,0,0,124,144
PUNJAB,PATIALA,PATIALA,New Kheri,2,4,2,4,0,0,2,2
PUNJAB,PATIALA,PATIALA,New Rakhra,43,59,21,28,0,0,17,42
PUNJAB,PATIALA,PATIALA,PAHARPUR,193,305,158,251,0,0,149,156
PUNJAB,PATIALA,PATIALA,PASSIANA,300,383,205,267,0,0,218,165
PUNJAB,PATIALA,PATIALA,PURBIA COLONY,167,263,0,0,0,0,93,170
PUNJAB,PATIALA,PATIALA,RAJ GARH,147,228,136,209,0,0,108,120
PUNJAB,PATIALA,PATIALA,RAKHRA,239,434,136,249,0,0,175,259
PUNJAB,PATIALA,PATIALA,RAM GARH,147,238,54,89,0,0,117,121
PUNJAB,PATIALA,PATIALA,RANBIR PURA,227,368,151,255,1,2,165,203
PUNJAB,PATIALA,PATIALA,RAUNI,115,185,54,92,0,0,73,112
PUNJAB,PATIALA,PATIALA,RAUNI JHUGIA,109,222,25,53,0,0,99,123
PUNJAB,PATIALA,PATIALA,RAWAS BARAHMANA,265,329,79,108,0,0,142,187
PUNJAB,PATIALA,PATIALA,SADARPUR,96,163,71,131,0,0,83,80
PUNJAB,PATIALA,PATIALA,SAINI MAJRA,35,43,16,19,0,0,25,18
PUNJAB,PATIALA,PATIALA,SENSARWAL,134,212,116,194,0,0,105,107
PUNJAB,PATIALA,PATIALA,SHEIKHUPURA,110,200,43,100,0,0,110,90
PUNJAB,PATIALA,PATIALA,SHER MAJRA,335,422,231,297,0,0,170,252
PUNJAB,PATIALA,PATIALA,SULATANPUR,160,263,127,210,0,0,123,140
PUNJAB,PATIALA,PATIALA,SULLAR,138,163,36,44,0,0,65,98
PUNJAB,PATIALA,PATIALA,SWAJPUR NAWAN,73,103,50,78,0,0,48,55
PUNJAB,PATIALA,PATIALA,SWAJPUR PURANA,181,245,100,145,0,0,121,124
PUNJAB,PATIALA,PATIALA,TARORA KALAN,144,261,54,100,0,0,127,134
PUNJAB,PATIALA,PATIALA,TARORA KHURD,79,181,23,52,0,0,87,94
PUNJAB,PATIALA,PATIALA,TRAIN,316,440,276,390,0,0,170,270
PUNJAB,PATIALA,PATIALA,TULEWAL,203,317,143,240,0,0,146,171
PUNJAB,PATIALA,PATIALA,UCHHA GAON,161,249,70,123,0,0,91,158
PUNJAB,PATIALA,PATIALA,WALIPUR,74,160,58,130,0,0,76,84
PUNJAB,PATIALA,PATIALA,WAZIDPUR,156,286,42,82,0,0,155,131
PUNJAB,PATIALA,Patiala Rural,AJNAUDA KALAN,278,361,159,226,0,0,139,222
PUNJAB,PATIALA,Patiala Rural,AJNAUDA KHURD,199,307,184,284,0,0,146,161
PUNJAB,PATIALA,Patiala Rural,ALLOWAL,205,294,126,199,0,0,149,145
PUNJAB,PATIALA,Patiala Rural,AMAMPUR,79,120,56,86,0,0,50,70
PUNJAB,PATIALA,Patiala Rural,Aman Vihar,9,10,5,5,0,0,1,9
PUNJAB,PATIALA,Patiala Rural,BABU SINGH COLONY,22,30,17,25,0,0,13,17
PUNJAB,PATIALA,Patiala Rural,BARAN,130,147,95,108,0,0,57,90
PUNJAB,PATIALA,Patiala Rural,Carrier Enclave,38,49,10,14,0,0,26,23
PUNJAB,PATIALA,Patiala Rural,CHALLELA,310,434,172,266,0,0,201,233
PUNJAB,PATIALA,Patiala Rural,DANDRALA KHURD,402,614,273,452,0,0,294,320
PUNJAB,PATIALA,Patiala Rural,DHANAURI,167,261,82,139,0,0,135,126
PUNJAB,PATIALA,Patiala Rural,DHANGERA,51,77,39,53,0,0,29,48
PUNJAB,PATIALA,Patiala Rural,DHNORA,32,52,6,13,0,0,33,19
PUNJAB,PATIALA,Patiala Rural,FARIDPUR,41,63,38,60,0,0,23,40
PUNJAB,PATIALA,Patiala Rural,FATEHPUR353,18,32,12,24,0,0,18,14
PUNJAB,PATIALA,Patiala Rural,GHAMRODA,135,192,115,164,0,0,88,104
PUNJAB,PATIALA,Patiala Rural,HARDASPUR,204,262,145,195,0,0,96,166
PUNJAB,PATIALA,Patiala Rural,HARKISHANPURA ALIAS BAKHSHIWALA,177,367,110,253,0,0,206,161
PUNJAB,PATIALA,Patiala Rural,HIANA KALAN,131,179,103,144,0,0,57,122
PUNJAB,PATIALA,Patiala Rural,HIANA KHURD,112,185,110,183,0,0,78,107
PUNJAB,PATIALA,Patiala Rural,HIRDAPUR,98,214,58,138,0,0,116,98
PUNJAB,PATIALA,Patiala Rural,ICHHEWAL,177,286,111,176,0,0,125,161
PUNJAB,PATIALA,Patiala Rural,JASSOWAL,131,187,75,115,0,0,75,112
PUNJAB,PATIALA,Patiala Rural,KAIDUPUR,166,213,42,65,0,0,118,95
PUNJAB,PATIALA,Patiala Rural,KALWA,119,148,111,140,0,0,37,111
PUNJAB,PATIALA,Patiala Rural,KANSUHA KALAN,183,254,80,117,2,2,138,116
PUNJAB,PATIALA,Patiala Rural,KARAM GARH,144,180,133,165,0,0,41,139
PUNJAB,PATIALA,Patiala Rural,KASYANA,237,359,160,257,0,0,156,203
PUNJAB,PATIALA,Patiala Rural,KATH MATHI,221,402,119,233,0,0,179,223
PUNJAB,PATIALA,Patiala Rural,KHURD,84,139,54,97,0,0,83,56
PUNJAB,PATIALA,Patiala Rural,KISHANGARH,138,179,92,129,0,0,52,127
PUNJAB,PATIALA,Patiala Rural,LABANA KARMU,153,212,95,142,0,0,118,94
PUNJAB,PATIALA,Patiala Rural,LABANA TAKU,299,399,235,321,0,0,167,232
PUNJAB,PATIALA,Patiala Rural,LACHKANI,176,257,120,189,0,0,100,157
PUNJAB,PATIALA,Patiala Rural,LALAUDA,116,194,87,149,2,2,94,100
PUNJAB,PATIALA,Patiala Rural,LAUT,308,477,218,353,0,0,227,250
PUNJAB,PATIALA,Patiala Rural,lubana model town,108,145,36,47,0,0,68,77
PUNJAB,PATIALA,Patiala Rural,LUNG,452,687,221,372,0,0,282,405
PUNJAB,PATIALA,Patiala Rural,MAJRI AKALIAN,178,266,112,166,0,0,114,152
PUNJAB,PATIALA,Patiala Rural,MANDAUR,404,669,339,572,0,0,307,362
PUNJAB,PATIALA,Patiala Rural,MIRZAPUR,83,126,60,98,0,0,53,73
PUNJAB,PATIALA,Patiala Rural,NANDPUR KESHO,188,245,113,148,0,0,96,149
PUNJAB,PATIALA,Patiala Rural,NAWA BARAN,127,146,112,130,0,0,30,116
PUNJAB,PATIALA,Patiala Rural,PAIDNI,79,146,9,17,0,0,88,58
PUNJAB,PATIALA,Patiala Rural,PEDAN,180,239,125,172,0,0,97,142
PUNJAB,PATIALA,Patiala Rural,PHAGAN MAJRA,249,310,172,220,0,0,113,197
PUNJAB,PATIALA,Patiala Rural,RAMGARH CHHANA,93,169,41,82,0,0,87,82
PUNJAB,PATIALA,Patiala Rural,RANJEET NAGAR,70,72,49,50,0,0,26,46
PUNJAB,PATIALA,Patiala Rural,ROHTA,109,160,76,114,0,0,91,69
PUNJAB,PATIALA,Patiala Rural,ROHTI BASTA SINGH,102,182,69,125,0,0,80,102
PUNJAB,PATIALA,Patiala Rural,ROHTI CHHANA,112,162,62,81,0,0,89,73
PUNJAB,PATIALA,Patiala Rural,ROHTI KHAS,130,240,84,166,0,0,116,124
PUNJAB,PATIALA,Patiala Rural,ROHTI MOURAN,162,390,125,304,0,0,183,207
PUNJAB,PATIALA,Patiala Rural,RONGLA,116,149,57,69,0,0,58,91
PUNJAB,PATIALA,Patiala Rural,RORGARH,225,469,127,260,0,0,241,228
PUNJAB,PATIALA,Patiala Rural,SEONA,303,414,205,292,0,0,145,269
PUNJAB,PATIALA,Patiala Rural,SHAMLA,77,109,46,68,0,0,49,60
PUNJAB,PATIALA,Patiala Rural,SIDHUWAL,133,153,69,84,0,0,46,107
PUNJAB,PATIALA,Patiala Rural,SIMBRO,190,349,131,261,0,0,186,163
PUNJAB,PATIALA,Patiala Rural,Vikas Nagar,22,23,12,12,1,1,3,20
PUNJAB,PATIALA,Patran,AHOUJA PATTI,49,86,25,45,1,1,48,38
PUNJAB,PATIALA,Patran,ARAIN MAJARA,163,275,92,186,0,0,148,127
PUNJAB,PATIALA,Patran,ARNETU,475,691,468,680,0,0,247,444
PUNJAB,PATIALA,Patran,Arnetu Khurd,12,17,9,12,0,0,7,10
PUNJAB,PATIALA,Patran,ARNO,369,565,280,434,1,1,262,303
PUNJAB,PATIALA,Patran,ARNO KHURD,94,116,60,77,0,0,64,52
PUNJAB,PATIALA,Patran,ASMANPUR,235,405,133,246,0,0,234,171
PUNJAB,PATIALA,Patran,ATTALAN,395,564,365,522,0,0,218,346
PUNJAB,PATIALA,Patran,BADSHAHPUR urf SHIVPURA,590,1072,418,760,3,3,519,553
PUNJAB,PATIALA,Patran,BAKRAHA,104,209,73,160,0,0,115,94
PUNJAB,PATIALA,Patran,BANWALA,288,454,247,395,0,0,199,255
PUNJAB,PATIALA,Patran,BASTI GOBIND NAGAR KULARAN,199,341,149,269,0,0,160,181
PUNJAB,PATIALA,Patran,BASTI KOTBHAI LAKHIA JI,52,95,33,63,0,0,42,53
PUNJAB,PATIALA,Patran,BEHAR JUCH,322,476,172,268,0,0,200,276
PUNJAB,PATIALA,Patran,BHAGAT SINGH NAGAR,39,61,6,9,0,0,37,24
PUNJAB,PATIALA,Patran,BHED PURI,186,321,138,245,0,0,166,155
PUNJAB,PATIALA,Patran,BHOOTGARH,342,558,289,475,0,0,257,301
PUNJAB,PATIALA,Patran,BHUND THEH,34,52,17,32,0,0,36,16
PUNJAB,PATIALA,Patran,BRASS,327,465,175,273,3,3,269,196
PUNJAB,PATIALA,Patran,BUJRAK,377,625,249,444,0,0,331,294
PUNJAB,PATIALA,Patran,BURAR,84,149,27,58,0,0,80,69
PUNJAB,PATIALA,Patran,Burar Khurd,122,238,20,34,0,0,116,122
PUNJAB,PATIALA,Patran,BUTA SINGH WALA,218,386,154,300,0,0,218,168
PUNJAB,PATIALA,Patran,CHUNAGRA,451,671,318,499,0,0,328,343
PUNJAB,PATIALA,Patran,CHUPKI 74,315,551,177,329,0,0,290,261
PUNJAB,PATIALA,Patran,DAFTARI WALA,329,548,209,352,0,0,261,287
PUNJAB,PATIALA,Patran,DASHMESH NAGAR,19,28,14,23,0,0,18,10
PUNJAB,PATIALA,Patran,DAWARKAPUR,41,85,26,61,0,0,51,34
PUNJAB,PATIALA,Patran,DEDHNA,372,651,290,524,0,0,326,325
PUNJAB,PATIALA,Patran,DEOGARH,269,524,233,458,0,0,277,247
PUNJAB,PATIALA,Patran,DERA BOHAR WALA,32,59,12,16,0,0,37,22
PUNJAB,PATIALA,Patran,DERA DASHMESH NAGAR,130,198,117,180,0,0,85,113
PUNJAB,PATIALA,Patran,DERA DHANA SINGH WALA,57,85,40,57,0,0,47,38
PUNJAB,PATIALA,Patran,DERA GOBINDPURA,49,81,21,35,0,0,55,26
PUNJAB,PATIALA,Patran,DERA JHEEL,14,19,11,16,0,0,12,7
PUNJAB,PATIALA,Patran,DERA KHAJAN SINGH WALA,121,222,103,195,0,0,118,104
PUNJAB,PATIALA,Patran,DERA RAJPUTAN,90,117,18,21,0,0,67,50
PUNJAB,PATIALA,Patran,DERA SANGATPURA BURUR,96,191,73,152,0,0,90,101
PUNJAB,PATIALA,Patran,DERA SANT NAGAR,62,135,45,117,0,0,70,65
PUNJAB,PATIALA,Patran,DERACHHINIA WALA,55,94,40,66,1,1,51,43
PUNJAB,PATIALA,Patran,DHABI GUJRAN,445,652,314,490,0,0,336,316
PUNJAB,PATIALA,Patran,DHANETHA,726,869,434,525,0,0,397,472
PUNJAB,PATIALA,Patran,DHARAMGARH,101,163,30,57,0,0,95,68
PUNJAB,PATIALA,Patran,DHUHAR,363,611,215,388,0,0,279,332
PUNJAB,PATIALA,Patran,DIYAL NAGAR HAMJHARI,83,130,8,9,0,0,67,63
PUNJAB,PATIALA,Patran,DODRA,227,406,99,224,0,0,248,158
PUNJAB,PATIALA,Patran,DROLI,315,550,277,506,0,0,255,295
PUNJAB,PATIALA,Patran,DUGAL KALAN,472,688,391,581,0,0,292,396
PUNJAB,PATIALA,Patran,DUGAL KHURD,347,536,301,469,0,0,182,354
PUNJAB,PATIALA,Patran,DUTAL,485,664,418,575,0,0,246,418
PUNJAB,PATIALA,Patran,GALOLI,336,483,286,412,0,0,204,279
PUNJAB,PATIALA,Patran,GANGA NAGAR,146,203,140,196,0,0,78,125
PUNJAB,PATIALA,Patran,GHANGROLI,197,359,134,256,0,0,174,185
PUNJAB,PATIALA,Patran,GOBINDPURA (PAIND),218,413,156,291,0,0,187,226
PUNJAB,PATIALA,Patran,GOBINDPURA (SAGRA),4,4,1,1,0,0,3,1
PUNJAB,PATIALA,Patran,GOPALPUR,187,288,164,250,0,0,102,186
PUNJAB,PATIALA,Patran,GULAHAR,899,1563,742,1284,0,0,744,819
PUNJAB,PATIALA,Patran,GULAHAR KHURD,70,119,65,109,0,0,58,61
PUNJAB,PATIALA,Patran,GULZARPURA (THARWA),405,503,351,432,0,0,240,263
PUNJAB,PATIALA,Patran,GURDIALPURA,233,449,67,135,0,0,237,212
PUNJAB,PATIALA,Patran,GURDITPURA,45,77,5,6,1,1,43,34
PUNJAB,PATIALA,Patran,GURU ARJAN NAGAR,59,93,8,10,0,0,57,36
PUNJAB,PATIALA,Patran,GURU NANAK PURA,70,133,59,117,0,0,71,62
PUNJAB,PATIALA,Patran,GURU TEGBAHADUR NAGAR,73,123,44,72,0,0,71,52
PUNJAB,PATIALA,Patran,HAMJHERI,407,802,259,524,0,0,424,378
PUNJAB,PATIALA,Patran,HARCHANDPURA HAWELI,44,102,31,75,0,0,55,47
PUNJAB,PATIALA,Patran,HARCHANDPURA NEW,56,119,34,71,0,0,63,56
PUNJAB,PATIALA,Patran,HARCHANDPURA TOWN,69,100,50,78,0,0,63,37
PUNJAB,PATIALA,Patran,HARIYAO JATTAN,93,159,62,116,0,0,92,67
PUNJAB,PATIALA,Patran,HARYAO KALAN,290,509,238,432,0,0,246,263
PUNJAB,PATIALA,Patran,HARYAO KHURD,621,983,448,716,0,0,512,471
PUNJAB,PATIALA,Patran,HEERA NAGAR,275,472,253,440,0,0,241,231
PUNJAB,PATIALA,Patran,HIRA NAGAR (DROLI),52,77,13,25,0,0,60,17
PUNJAB,PATIALA,Patran,Hira Pati Brass,71,113,29,54,1,1,70,43
PUNJAB,PATIALA,Patran,JAKHAR,95,155,57,105,0,0,94,61
PUNJAB,PATIALA,Patran,JALALPUR,142,248,123,221,0,0,113,135
PUNJAB,PATIALA,Patran,JATOPATTI,48,93,26,48,0,0,45,48
PUNJAB,PATIALA,Patran,JAWALAPUR,216,392,139,293,0,0,209,183
PUNJAB,PATIALA,Patran,JEONPURA,110,169,51,82,0,0,97,72
PUNJAB,PATIALA,Patran,JHAGIR,19,35,14,26,0,0,17,18
PUNJAB,PATIALA,Patran,JOGEWALA,249,400,147,234,0,0,206,194
PUNJAB,PATIALA,Patran,JOGINDER NAGAR,29,39,27,36,0,0,20,19
PUNJAB,PATIALA,Patran,KAHANGAR GHARACHON,265,376,198,289,0,0,168,208
PUNJAB,PATIALA,Patran,KAKRALA,1249,1817,630,953,2,2,927,890
PUNJAB,PATIALA,Patran,KALAR BHAINI,220,349,176,288,0,0,183,166
PUNJAB,PATIALA,Patran,KALWANU,617,1085,383,655,0,0,576,509
PUNJAB,PATIALA,Patran,Kamalpur,67,94,62,86,0,0,35,59
PUNJAB,PATIALA,Patran,KANGTHALA,79,120,25,40,0,0,73,47
PUNJAB,PATIALA,Patran,KARIM NAGAR,645,1007,605,956,0,0,481,526
PUNJAB,PATIALA,Patran,KARTARPUR,110,221,58,112,0,0,114,107
PUNJAB,PATIALA,Patran,Kath,34,57,25,42,0,0,29,28
PUNJAB,PATIALA,Patran,KHANEWAL,507,787,491,760,0,0,318,469
PUNJAB,PATIALA,Patran,KHANG,346,595,290,511,0,0,276,319
PUNJAB,PATIALA,Patran,KHASPUR,182,302,119,213,0,0,138,164
PUNJAB,PATIALA,Patran,KHERI NAGHIAN,182,351,121,240,0,0,172,179
PUNJAB,PATIALA,Patran,KOTLI,180,352,111,233,4,4,171,181
PUNJAB,PATIALA,Patran,KUAN DERI,169,266,156,246,0,0,149,117
PUNJAB,PATIALA,Patran,KULRAN,918,1512,668,1152,1,1,803,709
PUNJAB,PATIALA,Patran,LALWA,54,72,37,54,0,0,29,43
PUNJAB,PATIALA,Patran,LUTKI MAJRA,265,515,162,314,0,0,262,253
PUNJAB,PATIALA,Patran,MARDAN HERI,494,777,257,405,0,0,404,373
PUNJAB,PATIALA,Patran,MARORI,690,1036,571,876,0,0,433,603
PUNJAB,PATIALA,Patran,MATOULI,471,605,363,472,0,0,311,294
PUNJAB,PATIALA,Patran,MAVI KALAN,702,1083,482,801,0,0,560,523
PUNJAB,PATIALA,Patran,MOLVIWALA,166,289,149,265,0,0,152,137
PUNJAB,PATIALA,Patran,MUND KHERA/BELU MAJARA,188,324,114,227,0,0,187,137
PUNJAB,PATIALA,Patran,NAGRI,343,620,208,426,0,0,345,275
PUNJAB,PATIALA,Patran,NAIWALA,266,500,207,398,0,0,218,282
PUNJAB,PATIALA,Patran,NANAHERA,376,539,203,307,0,0,293,246
PUNJAB,PATIALA,Patran,NAVAN PIND KALWANU,49,87,48,85,0,0,39,48
PUNJAB,PATIALA,Patran,Nawan Pind Lalwa,3,3,2,2,0,0,2,1
PUNJAB,PATIALA,Patran,NIAL,274,387,185,253,0,0,148,239
PUNJAB,PATIALA,Patran,NIRMALKOT/SADH MAZRA,284,532,203,382,0,0,265,267
PUNJAB,PATIALA,Patran,NOOR PURA,98,155,45,86,0,0,94,61
PUNJAB,PATIALA,Patran,Paind Khurd,29,55,7,13,0,0,31,24
PUNJAB,PATIALA,Patran,PATRAN RURAL,151,258,82,154,0,0,112,146
PUNJAB,PATIALA,Patran,PLASOUR,57,75,51,63,0,0,32,43
PUNJAB,PATIALA,Patran,PREM SINGH WALA,248,447,115,212,1,1,248,199
PUNJAB,PATIALA,Patran,RAJ GARH,154,298,121,249,0,0,168,130
PUNJAB,PATIALA,Patran,RAMPUR DUGGAL,46,76,5,8,0,0,36,40
PUNJAB,PATIALA,Patran,RAMPUR PARTAN,102,202,81,175,1,1,104,98
PUNJAB,PATIALA,Patran,RASOLI,168,406,145,364,0,0,207,199
PUNJAB,PATIALA,Patran,RATTAN HERI,175,304,35,61,0,0,162,142
PUNJAB,PATIALA,Patran,SADHARAN PUR,350,557,190,309,0,0,288,269
PUNJAB,PATIALA,Patran,Sadharanpur Khurd,2,4,1,2,0,0,2,2
PUNJAB,PATIALA,Patran,SAGRA,264,407,167,265,0,0,217,190
PUNJAB,PATIALA,Patran,SAHIBJADA AJIT SINGH NAGAR,34,56,5,8,0,0,33,23
PUNJAB,PATIALA,Patran,SAILWALA KHURD,68,109,46,73,0,0,53,56
PUNJAB,PATIALA,Patran,SANTPURA(BRASS),113,160,67,102,2,2,83,77
PUNJAB,PATIALA,Patran,SAPAR HERI CHANNA,14,20,2,2,0,0,14,6
PUNJAB,PATIALA,Patran,SAPERHERI,66,137,29,63,0,0,73,64
PUNJAB,PATIALA,Patran,SEHAJPUR KALAN,157,268,63,122,0,0,109,159
PUNJAB,PATIALA,Patran,SEHAJPUR KHURD,138,262,78,160,0,0,137,125
PUNJAB,PATIALA,Patran,SELWALA,136,200,114,174,0,0,116,84
PUNJAB,PATIALA,Patran,SEONA,205,343,192,323,0,0,164,179
PUNJAB,PATIALA,Patran,SHADI PUR MOMIAN,422,758,329,597,6,10,360,398
PUNJAB,PATIALA,Patran,SHAHPUR,419,785,256,506,0,0,397,388
PUNJAB,PATIALA,Patran,SHERGARH,614,967,400,653,3,4,433,534
PUNJAB,PATIALA,Patran,SHERGARH KHURD,46,52,24,28,0,0,27,25
PUNJAB,PATIALA,Patran,SHUTRANA,738,1162,558,883,2,4,545,617
PUNJAB,PATIALA,Patran,SUBASH NAGAR,301,523,259,460,0,0,219,304
PUNJAB,PATIALA,Patran,SUNDER NAGAR,10,12,4,6,0,0,10,2
PUNJAB,PATIALA,Patran,TAIPUR,209,335,189,307,0,0,181,154
PUNJAB,PATIALA,Patran,TAMBU WALA,217,393,120,217,0,0,207,186
PUNJAB,PATIALA,Patran,TUGO PATTI,964,1863,899,1742,0,0,917,946
PUNJAB,PATIALA,Patran,UDHAM SINGH NAGAR,31,31,6,6,0,0,28,3
PUNJAB,PATIALA,Patran,UGOKE,210,369,145,284,0,0,205,164
PUNJAB,PATIALA,RAJPURA,AKBARPUR,64,76,45,53,0,0,32,44
PUNJAB,PATIALA,RAJPURA,ALUNA,186,249,136,187,0,0,118,131
PUNJAB,PATIALA,RAJPURA,BAKHSHIWALA,85,97,25,30,0,0,48,49
PUNJAB,PATIALA,RAJPURA,BALMAJRA,27,30,9,11,0,0,17,13
PUNJAB,PATIALA,RAJPURA,BALSUAN,146,224,89,136,0,0,108,116
PUNJAB,PATIALA,RAJPURA,BASANT PURA,156,210,112,159,0,0,88,122
PUNJAB,PATIALA,RAJPURA,BASTI BAKSHIWALA,152,186,150,183,0,0,76,110
PUNJAB,PATIALA,RAJPURA,BHAPPAL,289,356,131,167,0,0,156,200
PUNJAB,PATIALA,RAJPURA,BHATERI,136,192,82,104,0,0,93,99
PUNJAB,PATIALA,RAJPURA,BHATIRAS,44,50,5,6,0,0,40,10
PUNJAB,PATIALA,RAJPURA,CHAK KALAN,106,179,52,91,0,0,110,69
PUNJAB,PATIALA,RAJPURA,CHAK KHURD,62,87,33,49,0,0,55,32
PUNJAB,PATIALA,RAJPURA,CHANDU MAJRA,103,172,71,120,0,0,73,99
PUNJAB,PATIALA,RAJPURA,CHANDUAN KHURD,178,212,85,105,0,0,128,84
PUNJAB,PATIALA,RAJPURA,DAMAN HERI,175,191,90,94,0,0,77,114
PUNJAB,PATIALA,RAJPURA,DEVI NAGAR ®,92,113,66,82,0,0,35,78
PUNJAB,PATIALA,RAJPURA,DHABALI KALAN,87,117,46,67,0,0,50,67
PUNJAB,PATIALA,RAJPURA,DHABALI KHURD,54,89,21,40,0,0,54,35
PUNJAB,PATIALA,RAJPURA,DHARMGARH ®,82,106,44,58,0,0,55,51
PUNJAB,PATIALA,RAJPURA,DHUMAN,135,175,90,120,0,0,89,86
PUNJAB,PATIALA,RAJPURA,FARIDPUR (A),164,210,135,176,0,0,82,128
PUNJAB,PATIALA,RAJPURA,FARIDPUR GUJJRAN,64,85,2,4,0,0,68,17
PUNJAB,PATIALA,RAJPURA,FATEHPUR GADRI,187,265,169,239,0,0,92,173
PUNJAB,PATIALA,RAJPURA,GADO MAJRA,81,95,46,54,0,0,40,55
PUNJAB,PATIALA,RAJPURA,GURU ANGAD DEV COLONY,32,36,6,7,0,0,11,25
PUNJAB,PATIALA,RAJPURA,HARION,48,58,14,16,0,0,27,31
PUNJAB,PATIALA,RAJPURA,JALALPUR,113,142,71,92,0,0,65,77
PUNJAB,PATIALA,RAJPURA,JANDOLI,239,290,84,108,0,0,136,154
PUNJAB,PATIALA,RAJPURA,JANSUI,153,221,74,115,0,0,116,105
PUNJAB,PATIALA,RAJPURA,JHANSLA,229,275,163,194,0,0,113,162
PUNJAB,PATIALA,RAJPURA,JHANSLI,210,303,161,235,0,0,140,163
PUNJAB,PATIALA,RAJPURA,KALO MAJRA,100,115,36,44,0,0,53,62
PUNJAB,PATIALA,RAJPURA,KHARAULA,152,173,44,52,0,0,46,127
PUNJAB,PATIALA,RAJPURA,KHIRAJPUR,80,100,7,11,0,0,47,53
PUNJAB,PATIALA,RAJPURA,KOTLA,110,165,53,84,0,0,79,86
PUNJAB,PATIALA,RAJPURA,MIRJAPUR,200,251,157,203,0,0,61,190
PUNJAB,PATIALA,RAJPURA,NAINAN,120,195,88,146,0,0,98,97
PUNJAB,PATIALA,RAJPURA,NALAS KALAN,205,255,33,49,0,0,76,179
PUNJAB,PATIALA,RAJPURA,NALAS KHURD,114,130,78,90,0,0,40,90
PUNJAB,PATIALA,RAJPURA,PDAOW,103,125,88,108,0,0,40,85
PUNJAB,PATIALA,RAJPURA,PILKHANI,241,313,108,147,0,0,169,144
PUNJAB,PATIALA,RAJPURA,RAM NAGAR,125,149,103,124,0,0,48,101
PUNJAB,PATIALA,RAJPURA,RAM NAGAR SAUNTI,76,97,52,72,0,0,42,55
PUNJAB,PATIALA,RAJPURA,RAMPUR KHURAD,110,154,80,119,0,0,68,86
PUNJAB,PATIALA,RAJPURA,RANGIAN,48,74,16,26,0,0,46,28
PUNJAB,PATIALA,RAJPURA,SADHROR,119,196,100,169,0,0,83,113
PUNJAB,PATIALA,RAJPURA,SADHROR MAJARI,65,71,30,34,0,0,70,1
PUNJAB,PATIALA,RAJPURA,SARAI BANJARA,85,104,48,58,0,0,57,47
PUNJAB,PATIALA,RAJPURA,SARAI BANJARA BASTI,121,175,107,157,0,0,75,100
PUNJAB,PATIALA,RAJPURA,SHAMDO,196,226,108,129,0,0,76,150
PUNJAB,PATIALA,RAJPURA,SHAMDO CAMP,61,80,2,4,0,0,34,46
PUNJAB,PATIALA,RAJPURA,SURAL KALAN,432,618,334,482,0,0,255,363
PUNJAB,PATIALA,RAJPURA,SURAL KHURAD,66,112,9,14,0,0,55,57
PUNJAB,PATIALA,RAJPURA,UGANA,69,80,36,41,0,0,34,46
PUNJAB,PATIALA,RAJPURA,UGANI,177,206,47,56,0,0,116,90
PUNJAB,PATIALA,RAJPURA,UKSI,70,87,34,42,0,0,48,39
PUNJAB,PATIALA,RAJPURA,UKSI JATTAN,79,99,43,54,0,0,40,59
PUNJAB,PATIALA,RAJPURA,UPAL HARI,164,223,72,102,0,0,110,113
PUNJAB,PATIALA,RAJPURA,UPALHERI KHURD,97,106,0,0,0,0,72,34
PUNJAB,PATIALA,RAJPURA,URDHAN,368,460,293,370,0,0,200,260
PUNJAB,PATIALA,RAJPURA,WAZIRABAD,52,67,38,53,0,0,43,24
PUNJAB,PATIALA,SAMANA,ACHAL KHURD,159,264,105,199,0,0,161,103
PUNJAB,PATIALA,SAMANA,AJIT NAGAR,29,75,0,0,0,0,41,34
PUNJAB,PATIALA,SAMANA,ALAMPUR,250,341,66,121,0,0,210,131
PUNJAB,PATIALA,SAMANA,AMAM NAGAR,281,350,202,257,0,0,136,214
PUNJAB,PATIALA,SAMANA,ASSARPUR,174,383,127,295,0,0,222,161
PUNJAB,PATIALA,SAMANA,BADANPUR,136,250,85,164,0,0,130,120
PUNJAB,PATIALA,SAMANA,BADSHAHPUR,458,761,193,357,0,0,458,303
PUNJAB,PATIALA,SAMANA,BALAMGARH,123,232,58,118,0,0,122,110
PUNJAB,PATIALA,SAMANA,BAMANA,584,1015,396,692,0,0,508,507
PUNJAB,PATIALA,SAMANA,BASTI BAMANA,162,256,104,172,0,0,121,135
PUNJAB,PATIALA,SAMANA,BASTI GOBIMD NAGAR,23,26,6,6,0,0,23,3
PUNJAB,PATIALA,SAMANA,BATHOI KALAN,282,428,211,329,0,0,179,249
PUNJAB,PATIALA,SAMANA,BATHOI KHURD,322,510,131,249,0,0,291,219
PUNJAB,PATIALA,SAMANA,BHAGAWANPURA,134,190,49,77,0,0,96,94
PUNJAB,PATIALA,SAMANA,BIBIPUR,354,502,151,236,0,0,178,324
PUNJAB,PATIALA,SAMANA,BIJALPUR,159,272,92,175,0,0,155,117
PUNJAB,PATIALA,SAMANA,BISHANPURA,292,483,261,432,0,0,223,260
PUNJAB,PATIALA,SAMANA,CHAK AMRITSARIA,143,234,42,62,0,0,124,110
PUNJAB,PATIALA,SAMANA,CHANKAMASPUR,78,124,30,53,0,0,73,51
PUNJAB,PATIALA,SAMANA,CHOUNTH,237,379,175,296,2,2,193,186
PUNJAB,PATIALA,SAMANA,CHUHARPUR JATTAN,92,154,68,118,0,0,80,74
PUNJAB,PATIALA,SAMANA,CHUPKI 81,161,282,144,257,0,0,161,121
PUNJAB,PATIALA,SAMANA,CHUTEHRA,106,146,52,78,0,0,72,74
PUNJAB,PATIALA,SAMANA,DANIPUR,197,323,104,209,0,0,193,130
PUNJAB,PATIALA,SAMANA,DASMESH NAGAR,113,166,111,164,0,0,77,89
PUNJAB,PATIALA,SAMANA,DERA GAZISALAR,289,623,246,534,0,0,331,292
PUNJAB,PATIALA,SAMANA,DEVI NAGAR,159,330,78,168,0,0,183,147
PUNJAB,PATIALA,SAMANA,DHANOURI,212,357,123,221,0,0,192,165
PUNJAB,PATIALA,SAMANA,DHARAM HERI,126,180,86,130,0,0,88,92
PUNJAB,PATIALA,SAMANA,DHENTHAL,240,468,97,201,0,0,258,210
PUNJAB,PATIALA,SAMANA,DULLAR,318,573,171,334,0,0,305,268
PUNJAB,PATIALA,SAMANA,FATEHGARH CHHANNA,609,1062,442,811,0,0,549,513
PUNJAB,PATIALA,SAMANA,FATEHGARU (RETGARH),348,544,41,49,0,0,249,295
PUNJAB,PATIALA,SAMANA,FATEHPUR,321,519,167,294,0,0,316,203
PUNJAB,PATIALA,SAMANA,GAJEWAS,178,229,110,146,0,0,104,125
PUNJAB,PATIALA,SAMANA,GAZIPUR,434,721,205,384,0,0,431,290
PUNJAB,PATIALA,SAMANA,GHEORA,234,390,205,350,0,0,182,208
PUNJAB,PATIALA,SAMANA,GURU NANAK NAGAR,22,28,11,16,0,0,16,12
PUNJAB,PATIALA,SAMANA,GURU TEG BAHADUR NAGAR,70,70,9,9,0,0,55,15
PUNJAB,PATIALA,SAMANA,HARI NAGAR KHERKI,243,372,99,168,0,0,190,182
PUNJAB,PATIALA,SAMANA,HARIPUR,34,50,13,20,0,0,23,27
PUNJAB,PATIALA,SAMANA,JAMALPUR,187,325,138,254,1,1,181,144
PUNJAB,PATIALA,SAMANA,KADRABAD,311,616,161,341,0,0,333,283
PUNJAB,PATIALA,SAMANA,KAHANGARH BHUTNA,416,662,255,413,0,0,297,365
PUNJAB,PATIALA,SAMANA,KAHANPUR GARIAN,256,525,133,299,0,0,298,227
PUNJAB,PATIALA,SAMANA,KAKRA,99,168,55,99,0,0,89,79
PUNJAB,PATIALA,SAMANA,KAMALPUR,111,173,64,102,0,0,92,81
PUNJAB,PATIALA,SAMANA,KAMASPUR,84,170,34,84,0,0,108,62
PUNJAB,PATIALA,SAMANA,KARHALI,490,715,277,429,0,0,366,349
PUNJAB,PATIALA,SAMANA,KHATRIWALA,455,918,248,522,0,0,469,449
PUNJAB,PATIALA,SAMANA,KHERI BHIMA,115,225,59,134,0,0,119,106
PUNJAB,PATIALA,SAMANA,KHERI FATTAN,152,226,100,158,0,0,126,100
PUNJAB,PATIALA,SAMANA,KHUDADPURA,163,289,118,223,0,0,136,153
PUNJAB,PATIALA,SAMANA,KOTLA NASRU,59,91,10,19,0,0,64,27
PUNJAB,PATIALA,SAMANA,KULBURCHHAN,481,799,336,586,0,0,348,451
PUNJAB,PATIALA,SAMANA,KUTBUNPUR,288,550,104,197,0,0,302,248
PUNJAB,PATIALA,SAMANA,LALGARH,49,99,7,18,0,0,48,51
PUNJAB,PATIALA,SAMANA,MAJRI,387,790,225,497,0,0,433,357
PUNJAB,PATIALA,SAMANA,MAVI SAPPAN,380,661,211,385,0,0,336,325
PUNJAB,PATIALA,SAMANA,MIAL KALAN,263,472,139,261,0,0,237,235
PUNJAB,PATIALA,SAMANA,MURADPURA,104,202,93,184,0,0,102,100
PUNJAB,PATIALA,SAMANA,NAMADAN,243,370,133,242,0,0,224,146
PUNJAB,PATIALA,SAMANA,NASU PUR,57,116,43,93,0,0,72,44
PUNJAB,PATIALA,SAMANA,RAJLA,173,335,130,268,1,2,171,164
PUNJAB,PATIALA,SAMANA,RAM NAGAR BAXIWALA,320,467,185,267,0,0,165,302
PUNJAB,PATIALA,SAMANA,RANDAWAN,219,350,159,273,0,0,182,168
PUNJAB,PATIALA,SAMANA,SADHUGARH,78,109,14,20,0,0,52,57
PUNJAB,PATIALA,SAMANA,SAIDIPUR,33,41,3,5,0,0,34,7
PUNJAB,PATIALA,SAMANA,SANGATPURA,3,3,0,0,0,0,3,0
PUNJAB,PATIALA,SAMANA,SASSA GUJRAN,157,250,49,85,0,0,130,120
PUNJAB,PATIALA,SAMANA,SASSI BHRAHMANA,126,185,6,12,0,0,100,85
PUNJAB,PATIALA,SAMANA,Talwandi Kothe,8,9,1,1,0,0,5,4
PUNJAB,PATIALA,SAMANA,TALWANDI MALIK,340,550,240,392,0,0,257,293
PUNJAB,PATIALA,SAMANA,TARKHAN MAJRA,185,305,111,184,0,0,144,161
PUNJAB,PATIALA,SAMANA,TODARPUR,211,386,107,196,0,0,189,197
PUNJAB,PATIALA,Sanour,ABADI KARTARPUR,61,109,44,84,0,0,65,44
PUNJAB,PATIALA,Sanour,AKAUT,193,289,105,168,0,0,122,167
PUNJAB,PATIALA,Sanour,ALAMPUR,112,132,96,116,0,0,54,78
PUNJAB,PATIALA,Sanour,ALIPUR JATAN,256,327,165,219,0,0,138,189
PUNJAB,PATIALA,Sanour,ASSARPUR,104,116,41,48,0,0,41,75
PUNJAB,PATIALA,Sanour,BALAMGARH,184,252,67,96,0,0,113,139
PUNJAB,PATIALA,Sanour,BALASPUR,93,152,71,127,0,0,71,81
PUNJAB,PATIALA,Sanour,BALBERA,603,751,350,472,0,0,369,382
PUNJAB,PATIALA,Sanour,BALLAN,165,227,33,41,0,0,123,104
PUNJAB,PATIALA,Sanour,BATTA,157,234,90,139,0,0,104,130
PUNJAB,PATIALA,Sanour,BHATERI KALAN,153,190,88,113,0,0,69,121
PUNJAB,PATIALA,Sanour,BHATHALAN,20,28,15,19,0,0,14,14
PUNJAB,PATIALA,Sanour,BIR BAHADUR,43,45,34,36,0,0,8,37
PUNJAB,PATIALA,Sanour,BIR KAULI,15,16,5,6,0,0,10,6
PUNJAB,PATIALA,Sanour,BOHARPUR,60,82,21,31,0,0,36,46
PUNJAB,PATIALA,Sanour,BOLER KALAN,252,325,65,99,0,0,116,209
PUNJAB,PATIALA,Sanour,BOLRI,85,127,37,59,0,0,65,62
PUNJAB,PATIALA,Sanour,BOSER KALAN,396,486,250,314,0,0,233,253
PUNJAB,PATIALA,Sanour,BOSER KHURD,60,155,18,37,0,0,80,75
PUNJAB,PATIALA,Sanour,BUDHANPUR,108,168,63,105,1,1,93,75
PUNJAB,PATIALA,Sanour,CHAMARHERI,176,216,84,106,0,0,82,134
PUNJAB,PATIALA,Sanour,CHARASON,292,332,149,168,0,0,144,188
PUNJAB,PATIALA,Sanour,CHAURA,203,275,136,184,0,0,110,165
PUNJAB,PATIALA,Sanour,DALANPUR,16,21,13,18,0,0,10,11
PUNJAB,PATIALA,Sanour,DANDOA,158,244,84,147,0,0,111,133
PUNJAB,PATIALA,Sanour,DAULATPUR,67,76,32,38,0,0,26,50
PUNJAB,PATIALA,Sanour,DAUN KALAN,331,466,197,285,0,0,181,285
PUNJAB,PATIALA,Sanour,DAUN KHURD,159,252,129,206,0,0,105,147
PUNJAB,PATIALA,Sanour,DEELWAL,44,74,31,51,0,0,36,38
PUNJAB,PATIALA,Sanour,DERA BAZIGAR,139,267,131,250,0,0,137,130
PUNJAB,PATIALA,Sanour,DERA BAZIGAR(BILASPUR),57,73,49,63,0,0,25,48
PUNJAB,PATIALA,Sanour,DERA JAGATPURA,33,39,10,12,0,0,19,20
PUNJAB,PATIALA,Sanour,DHARERI JATTAN,92,138,76,116,0,0,66,72
PUNJAB,PATIALA,Sanour,DULBHA,65,133,43,97,0,0,65,68
PUNJAB,PATIALA,Sanour,FARM BAHADURGHAR,22,24,1,1,0,0,8,16
PUNJAB,PATIALA,Sanour,FATEHPUR JATTAN,29,33,19,23,0,0,11,22
PUNJAB,PATIALA,Sanour,FETEHPUR RAJPUTTAN,104,184,92,166,0,0,91,93
PUNJAB,PATIALA,Sanour,GAUNSPUR,14,21,5,8,0,0,11,10
PUNJAB,PATIALA,Sanour,GHALORI,64,90,41,56,0,0,40,50
PUNJAB,PATIALA,Sanour,GHANOUR,77,120,54,87,0,0,61,59
PUNJAB,PATIALA,Sanour,GURU NANAK NAGAR,80,87,16,21,0,0,47,40
PUNJAB,PATIALA,Sanour,HARGOBIND COLONY,36,39,8,10,0,0,11,28
PUNJAB,PATIALA,Sanour,HASSANPUR PROHTAN,166,201,113,144,0,0,84,117
PUNJAB,PATIALA,Sanour,HIRA COLONY,16,18,7,8,0,0,13,5
PUNJAB,PATIALA,Sanour,HUSSAINPUR JOULA,113,210,99,190,0,0,92,118
PUNJAB,PATIALA,Sanour,JAFAR NAGAR SADIWALA,55,68,28,35,0,0,20,48
PUNJAB,PATIALA,Sanour,JAFARPUR,137,244,106,180,0,0,91,153
PUNJAB,PATIALA,Sanour,JALALPUR,137,256,93,179,0,0,123,133
PUNJAB,PATIALA,Sanour,JANHERIAN,105,152,7,12,0,0,82,70
PUNJAB,PATIALA,Sanour,JOGIPUR,177,233,119,159,0,0,75,158
PUNJAB,PATIALA,Sanour,KAKEPUR,104,133,45,73,0,0,91,42
PUNJAB,PATIALA,Sanour,KARANPUR,171,290,85,164,0,0,139,151
PUNJAB,PATIALA,Sanour,KARHERI,7,11,4,6,0,0,7,4
PUNJAB,PATIALA,Sanour,KARTARPUR,59,62,41,44,0,0,29,33
PUNJAB,PATIALA,Sanour,KASBA RURUKI,106,128,29,32,0,0,45,83
PUNJAB,PATIALA,Sanour,KAULI,314,398,258,327,0,0,163,235
PUNJAB,PATIALA,Sanour,KHASIAN,202,260,95,126,0,0,102,158
PUNJAB,PATIALA,Sanour,KHUDDA,93,120,24,41,0,0,61,59
PUNJAB,PATIALA,Sanour,KOTLA GHERU,112,135,43,50,0,0,60,75
PUNJAB,PATIALA,Sanour,KULE MAJRA,51,75,14,25,0,0,43,32
PUNJAB,PATIALA,Sanour,LALINA,106,176,49,94,0,0,94,82
PUNJAB,PATIALA,Sanour,MAHADIPUR,118,186,68,112,0,0,72,114
PUNJAB,PATIALA,Sanour,MAJRI,23,24,18,19,0,0,17,7
PUNJAB,PATIALA,Sanour,MALAKPUR JATTAN,79,109,34,57,0,0,55,54
PUNJAB,PATIALA,Sanour,MARDANHERI,481,756,196,353,0,0,420,336
PUNJAB,PATIALA,Sanour,MEHARGARH BHATTI,47,76,26,54,0,0,44,32
PUNJAB,PATIALA,Sanour,MEHMADPUR ARIAN,32,44,7,10,0,0,26,18
PUNJAB,PATIALA,Sanour,MEHMADPUR JATTAN,80,106,48,69,0,0,58,48
PUNJAB,PATIALA,Sanour,MITHU MAJRA,110,165,104,157,0,0,73,92
PUNJAB,PATIALA,Sanour,Model Town Raipur,70,78,67,75,0,0,21,57
PUNJAB,PATIALA,Sanour,MOHABATPUR,5,5,0,0,0,0,5,0
PUNJAB,PATIALA,Sanour,MURADPUR,74,105,15,21,0,0,48,57
PUNJAB,PATIALA,Sanour,NANANSU,240,291,154,195,0,0,118,173
PUNJAB,PATIALA,Sanour,NAUGAWAN,227,310,101,147,0,0,143,167
PUNJAB,PATIALA,Sanour,NAWAN MEHMADPUR JATTAN,7,8,1,1,0,0,3,5
PUNJAB,PATIALA,Sanour,NOOR KHERIAN,189,316,109,201,0,0,184,132
PUNJAB,PATIALA,Sanour,PAHARI PUR,67,118,47,91,0,0,62,56
PUNJAB,PATIALA,Sanour,PANAUDIAN,71,155,47,96,0,0,85,70
PUNJAB,PATIALA,Sanour,PANJOLA,361,483,109,177,0,0,282,201
PUNJAB,PATIALA,Sanour,PARTAPGARH,76,134,47,86,0,0,62,72
PUNJAB,PATIALA,Sanour,PEER COLONY,25,26,5,5,0,0,9,17
PUNJAB,PATIALA,Sanour,PHALAULI,28,29,6,6,0,0,19,10
PUNJAB,PATIALA,Sanour,PUNIA JATTAN,63,105,42,75,0,0,54,51
PUNJAB,PATIALA,Sanour,RAIPUR,149,203,58,78,0,0,86,117
PUNJAB,PATIALA,Sanour,RASULPUR JHORAN,50,63,35,45,0,0,19,44
PUNJAB,PATIALA,Sanour,RATHIAN,308,454,134,210,0,0,214,240
PUNJAB,PATIALA,Sanour,REETHKHERI,72,111,59,93,0,0,57,54
PUNJAB,PATIALA,Sanour,RISHI COLONY,43,43,8,8,0,0,9,34
PUNJAB,PATIALA,Sanour,SAHIB NAGAR THEIR,93,115,12,12,0,0,64,51
PUNJAB,PATIALA,Sanour,SAIFDIPUR,85,109,33,48,0,0,59,50
PUNJAB,PATIALA,Sanour,SALAMPUR BHRAHMANA,152,203,7,7,0,0,102,101
PUNJAB,PATIALA,Sanour,SANIARHERI (GOBINDPUR),32,63,3,6,0,0,32,31
PUNJAB,PATIALA,Sanour,SANKARPUR,76,131,68,118,0,0,83,48
PUNJAB,PATIALA,Sanour,SEIKHUPUR KAMBOAN,69,82,38,42,0,0,56,26
PUNJAB,PATIALA,Sanour,SEPHERA,196,344,142,252,0,0,172,172
PUNJAB,PATIALA,Sanour,SHAMASPUR,81,98,67,84,0,0,34,64
PUNJAB,PATIALA,Sanour,SLAMPUR JATTAN,103,149,27,40,0,0,64,85
PUNJAB,PATIALA,Sanour,SUNIAR HERI,259,316,184,227,0,0,114,202
PUNJAB,PATIALA,Sanour,URBAN NAGAR,2,3,0,0,0,0,2,1
PUNJAB,PATIALA,Sanour,VIDYA NAGAR,1,1,0,0,0,0,0,1
PUNJAB,PATIALA,Shambu Kalan,ABDULPUR,28,31,5,7,0,0,27,4
PUNJAB,PATIALA,Shambu Kalan,AKAR,257,430,139,225,0,0,229,201
PUNJAB,PATIALA,Shambu Kalan,AKARI,122,191,37,57,0,0,102,89
PUNJAB,PATIALA,Shambu Kalan,ALAL MAJRA,193,293,182,276,0,0,113,180
PUNJAB,PATIALA,Shambu Kalan,ALAMPUR,162,176,17,18,0,0,65,111
PUNJAB,PATIALA,Shambu Kalan,ALI MAJRA,204,238,7,7,0,0,102,136
PUNJAB,PATIALA,Shambu Kalan,AMIR PUR,27,53,22,43,0,0,29,24
PUNJAB,PATIALA,Shambu Kalan,BADAL COLONY,142,172,135,163,0,0,51,121
PUNJAB,PATIALA,Shambu Kalan,BADOLI GUJRAN,126,167,62,97,0,0,95,72
PUNJAB,PATIALA,Shambu Kalan,BAPROR,270,336,52,73,0,0,149,187
PUNJAB,PATIALA,Shambu Kalan,BASMA,181,186,136,140,0,0,62,124
PUNJAB,PATIALA,Shambu Kalan,BASMA COLONY,23,29,18,23,0,0,12,17
PUNJAB,PATIALA,Shambu Kalan,BATHLI,56,90,3,3,0,0,54,36
PUNJAB,PATIALA,Shambu Kalan,BATHONIA KALAN,198,281,139,197,0,0,122,159
PUNJAB,PATIALA,Shambu Kalan,BATHONIA KHURD,170,224,52,75,0,0,107,117
PUNJAB,PATIALA,Shambu Kalan,BHADAK,131,181,70,104,0,0,81,100
PUNJAB,PATIALA,Shambu Kalan,BHEDWAL,134,150,71,81,0,0,63,87
PUNJAB,PATIALA,Shambu Kalan,BHEDWAL JUGGIAN,59,62,0,0,0,0,48,14
PUNJAB,PATIALA,Shambu Kalan,BHOGLAN,93,113,55,68,0,0,55,58
PUNJAB,PATIALA,Shambu Kalan,BHURI MAJRA,50,53,8,8,0,0,24,29
PUNJAB,PATIALA,Shambu Kalan,BIBIPUR,19,29,2,5,0,0,22,7
PUNJAB,PATIALA,Shambu Kalan,CHALHERI,110,141,19,21,0,0,80,61
PUNJAB,PATIALA,Shambu Kalan,CHAMARU,221,277,123,159,0,0,129,148
PUNJAB,PATIALA,Shambu Kalan,CHATAR NAGAR,95,128,81,108,0,0,62,66
PUNJAB,PATIALA,Shambu Kalan,DAHARIA,228,259,2,2,0,0,78,181
PUNJAB,PATIALA,Shambu Kalan,DHAKANSHU KALAN,175,305,84,140,0,0,160,145
PUNJAB,PATIALA,Shambu Kalan,DHAKANSU KHURAD,73,87,56,66,0,0,46,41
PUNJAB,PATIALA,Shambu Kalan,DHAKANSU MAJRA,87,129,3,3,0,0,67,62
PUNJAB,PATIALA,Shambu Kalan,DHARAM GARH,26,37,1,1,0,0,23,14
PUNJAB,PATIALA,Shambu Kalan,DHINDSA,162,224,95,137,0,0,99,125
PUNJAB,PATIALA,Shambu Kalan,GADIAN,75,91,14,19,0,0,49,42
PUNJAB,PATIALA,Shambu Kalan,GARDI NAGAR,72,99,54,74,0,0,41,58
PUNJAB,PATIALA,Shambu Kalan,GAZI PUR,12,12,1,1,0,0,11,1
PUNJAB,PATIALA,Shambu Kalan,GHAGAR SARAI,199,234,103,120,0,0,110,124
PUNJAB,PATIALA,Shambu Kalan,GHARAMAN KALAN,178,242,111,160,0,0,132,110
PUNJAB,PATIALA,Shambu Kalan,GHARAMAN KHURAD,38,50,24,35,0,0,28,22
PUNJAB,PATIALA,Shambu Kalan,GOPALPUR,273,318,242,286,0,0,122,196
PUNJAB,PATIALA,Shambu Kalan,GURU TEG BAHADUR COLONY,25,27,3,3,0,0,16,11
PUNJAB,PATIALA,Shambu Kalan,HASSAMPUR,36,67,8,15,0,0,33,34
PUNJAB,PATIALA,Shambu Kalan,JAI NAGAR,341,463,58,83,0,0,243,220
PUNJAB,PATIALA,Shambu Kalan,JAKHRAN,205,258,9,10,0,0,107,151
PUNJAB,PATIALA,Shambu Kalan,JANSUA,366,404,328,361,0,0,92,312
PUNJAB,PATIALA,Shambu Kalan,JHAKEPAL,74,106,3,5,0,0,48,58
PUNJAB,PATIALA,Shambu Kalan,KHADOLI,318,362,145,166,1,1,133,229
PUNJAB,PATIALA,Shambu Kalan,KHAIRPUR JATTAN,112,222,83,179,0,0,121,101
PUNJAB,PATIALA,Shambu Kalan,KHAIRPUR SEKHAN,131,187,68,100,0,0,79,108
PUNJAB,PATIALA,Shambu Kalan,Khajoor peer colony,87,95,48,50,0,0,28,67
PUNJAB,PATIALA,Shambu Kalan,KHANPUR BARING,180,229,121,154,0,0,117,112
PUNJAB,PATIALA,Shambu Kalan,KHANPUR GANDIAN,319,428,259,358,3,3,148,280
PUNJAB,PATIALA,Shambu Kalan,KHANPUR KHURD,85,128,52,83,0,0,65,63
PUNJAB,PATIALA,Shambu Kalan,KHERI GANDIYA,270,392,182,272,1,1,168,224
PUNJAB,PATIALA,Shambu Kalan,KHERI GURNAN,186,239,105,131,0,0,132,107
PUNJAB,PATIALA,Shambu Kalan,LUHAND,36,45,7,12,0,0,23,22
PUNJAB,PATIALA,Shambu Kalan,MADAN PUR,241,290,104,132,0,0,148,142
PUNJAB,PATIALA,Shambu Kalan,MAHEMAD PUR,125,164,50,70,0,0,74,90
PUNJAB,PATIALA,Shambu Kalan,MANDIANA,156,260,119,213,0,0,108,152
PUNJAB,PATIALA,Shambu Kalan,MANDWAAL,239,316,115,147,0,0,152,164
PUNJAB,PATIALA,Shambu Kalan,MANGPUR,116,165,25,41,0,0,88,77
PUNJAB,PATIALA,Shambu Kalan,MEHMA,118,185,62,107,0,0,98,87
PUNJAB,PATIALA,Shambu Kalan,MEHMUDPUR,115,152,82,112,0,0,56,96
PUNJAB,PATIALA,Shambu Kalan,MEHTABGARH,8,9,0,0,0,0,8,1
PUNJAB,PATIALA,Shambu Kalan,MOHI KALAN,203,245,77,93,0,0,118,127
PUNJAB,PATIALA,Shambu Kalan,MOHI KHURD,224,278,100,119,0,0,149,129
PUNJAB,PATIALA,Shambu Kalan,MUGHAL SARAI,70,88,54,70,0,0,38,50
PUNJAB,PATIALA,Shambu Kalan,NANDGARH,98,140,51,75,0,0,64,76
PUNJAB,PATIALA,Shambu Kalan,NANHERA,207,270,43,59,0,0,143,127
PUNJAB,PATIALA,Shambu Kalan,Nanhera Khurd,66,68,9,9,0,0,11,57
PUNJAB,PATIALA,Shambu Kalan,NEPRAN,86,116,34,55,0,0,50,66
PUNJAB,PATIALA,Shambu Kalan,NIAMATPURA,124,169,63,84,0,0,66,103
PUNJAB,PATIALA,Shambu Kalan,NOGAWA,116,151,83,107,0,0,92,59
PUNJAB,PATIALA,Shambu Kalan,NOSEHRA,99,145,24,37,0,0,57,88
PUNJAB,PATIALA,Shambu Kalan,PABRA,197,288,95,149,0,0,158,130
PUNJAB,PATIALA,Shambu Kalan,PABRI,315,618,130,244,0,0,298,320
PUNJAB,PATIALA,Shambu Kalan,PEHAR KHURD,72,88,6,6,0,0,53,35
PUNJAB,PATIALA,Shambu Kalan,PEHIR KALAN,152,174,82,94,0,0,97,77
PUNJAB,PATIALA,Shambu Kalan,RAJGARH,183,226,96,120,0,0,107,119
PUNJAB,PATIALA,Shambu Kalan,RAM NAGAR,112,154,72,105,0,0,84,70
PUNJAB,PATIALA,Shambu Kalan,SAFDALPUR,123,218,119,213,0,0,100,118
PUNJAB,PATIALA,Shambu Kalan,SAID KHERI,150,171,116,135,0,0,82,89
PUNJAB,PATIALA,Shambu Kalan,SEHRA,379,493,228,320,0,0,283,210
PUNJAB,PATIALA,Shambu Kalan,SEHRI,137,189,79,115,0,0,106,83
PUNJAB,PATIALA,Shambu Kalan,SHAMBHU KALAN,127,140,70,80,0,0,69,71
PUNJAB,PATIALA,Shambu Kalan,SHAMBHU KHURD,107,193,68,137,0,0,90,103
PUNJAB,PATIALA,Shambu Kalan,SHAMBU RAJPUTTAN,122,142,60,67,0,0,54,88
PUNJAB,PATIALA,Shambu Kalan,SUHRON,161,216,86,122,0,0,74,142
PUNJAB,PATIALA,Shambu Kalan,SURAJGARH,86,115,53,71,0,0,45,70
PUNJAB,PATIALA,Shambu Kalan,TAKHU MAJRA,158,241,60,95,0,0,127,114
PUNJAB,PATIALA,Shambu Kalan,TEHALPURA,101,167,46,82,0,0,100,67
PUNJAB,PATIALA,Shambu Kalan,TEPLA,260,386,116,175,0,0,190,196
PUNJAB,PATIALA,Shambu Kalan,THUHA,154,170,135,148,0,0,58,112
